Text,Textnr,Sentence,Year,Place,Proficiency,ProficiencyNr,Sex,Age,SubjectPosition,ClauseType,Specificity,InformationStructure,ReferentialContinuity,SubjectType,Filename,Score,NSLhome,AgeExposureSpanish,YearsstudySpanish,AbroadSpanishCountry,DurationTask,LocationTask,NSLadditional,ForeignLanguage,ID,Verb,VerbConstruction,SubjectGenus
"Un hombre (Charlie) está paseando por una callecita,",54,1,2018,Frankfurt,Lower advanced,5,female,46,PRE,MC,INDEF,NE,N,dp,DE_WR_39_46_30_14_IK,90.7,No,16,30,Yes,45,Outsideclassroom,Yes,"French, English, Hungarian",57_1,pasear,periphrasis-gerund,NA
la mujer le explica,54,11,2018,Frankfurt,Lower advanced,5,female,46,PRE,MC,DEF,GI,Y,dp,DE_WR_39_46_30_14_IK,90.7,No,16,30,Yes,45,Outsideclassroom,Yes,"French, English, Hungarian",57_11,explicar,simple-finite,NA
"que se ha equivocado,",54,12,2018,Frankfurt,Lower advanced,5,female,46,NA,SC,NA,GI,N,nullsub,DE_WR_39_46_30_14_IK,90.7,No,16,30,Yes,45,Outsideclassroom,Yes,"French, English, Hungarian",57_12,equivocarse,simple-finite,NA
y Charlie se va con el bebé en sus brazos.,54,13,2018,Frankfurt,Lower advanced,5,female,46,PRE,MC,DEF,GI,Y,dp,DE_WR_39_46_30_14_IK,90.7,No,16,30,Yes,45,Outsideclassroom,Yes,"French, English, Hungarian",57_13,irse,simple-finite,NA
Deja al bebé en el rincón,54,14,2018,Frankfurt,Lower advanced,5,female,46,NA,MC,NA,GI,Y,nullsub,DE_WR_39_46_30_14_IK,90.7,No,16,30,Yes,45,Outsideclassroom,Yes,"French, English, Hungarian",57_14,dejar,simple-finite,NA
donde lo ha encontrado,54,15,2018,Frankfurt,Lower advanced,5,female,46,NA,SC,NA,GI,Y,nullsub,DE_WR_39_46_30_14_IK,90.7,No,16,30,Yes,45,Outsideclassroom,Yes,"French, English, Hungarian",57_15,encontrar,simple-finite,NA
porque viene un policía,54,17,2018,Frankfurt,Lower advanced,5,female,46,POST,SC,INDEF,NE,N,dp,DE_WR_39_46_30_14_IK,90.7,No,16,30,Yes,45,Outsideclassroom,Yes,"French, English, Hungarian",57_17,venir,simple-finite,NA
que la criatura es su responsabilidad.,54,19,2018,Frankfurt,Lower advanced,5,female,46,PRE,SC,DEF,GI,N,dp,DE_WR_39_46_30_14_IK,90.7,No,16,30,Yes,45,Outsideclassroom,Yes,"French, English, Hungarian",57_19,ser,simple-finite,NA
"Charlie le pasa el bebé,",54,22,2018,Frankfurt,Lower advanced,5,female,46,PRE,MC,DEF,GI,N,dp,DE_WR_39_46_30_14_IK,90.7,No,16,30,Yes,45,Outsideclassroom,Yes,"French, English, Hungarian",57_22,pasar,simple-finite,NA
que quiere ajustarse los zapatos.,54,24,2018,Frankfurt,Lower advanced,5,female,46,NA,SC,NA,GI,Y,nullsub,DE_WR_39_46_30_14_IK,90.7,No,16,30,Yes,45,Outsideclassroom,Yes,"French, English, Hungarian",57_24,ajustarse,simple-finite,NA
Se va corriendo,54,25,2018,Frankfurt,Lower advanced,5,female,46,NA,MC,NA,GI,Y,nullsub,DE_WR_39_46_30_14_IK,90.7,No,16,30,Yes,45,Outsideclassroom,Yes,"French, English, Hungarian",57_25,correr,periphrasis-gerund,NA
y se esconde.,54,26,2018,Frankfurt,Lower advanced,5,female,46,NA,MC,NA,GI,Y,nullsub,DE_WR_39_46_30_14_IK,90.7,No,16,30,Yes,45,Outsideclassroom,Yes,"French, English, Hungarian",57_26,esconderse,simple-finite,NA
"El otro hombre busca a Charlie,",54,27,2018,Frankfurt,Lower advanced,5,female,46,PRE,MC,DEF,GI,N,dp,DE_WR_39_46_30_14_IK,90.7,No,16,30,Yes,45,Outsideclassroom,Yes,"French, English, Hungarian",57_27,buscar,simple-finite,NA
pero como no lo encuentra,54,28,2018,Frankfurt,Lower advanced,5,female,46,NA,SC,NA,GI,Y,nullsub,DE_WR_39_46_30_14_IK,90.7,No,16,30,Yes,45,Outsideclassroom,Yes,"French, English, Hungarian",57_28,encontrar,simple-finite,NA
"y que nota el coche de bebé aparcado delante de una tienda,",54,29,2018,Frankfurt,Lower advanced,5,female,46,NA,SC,NA,GI,Y,nullsub,DE_WR_39_46_30_14_IK,90.7,No,16,30,Yes,45,Outsideclassroom,Yes,"French, English, Hungarian",57_29,notar,simple-finite,NA
cuando encuentra a un bebé abandonado en un rincón de la calle.,54,3,2018,Frankfurt,Lower advanced,5,female,46,NA,SC,NA,GI,Y,nullsub,DE_WR_39_46_30_14_IK,90.7,No,16,30,Yes,45,Outsideclassroom,Yes,"French, English, Hungarian",57_3,encontrar,simple-finite,NA
deja el bebé en el coche.,54,30,2018,Frankfurt,Lower advanced,5,female,46,NA,MC,NA,GI,Y,nullsub,DE_WR_39_46_30_14_IK,90.7,No,16,30,Yes,45,Outsideclassroom,Yes,"French, English, Hungarian",57_30,dejar,simple-finite,NA
"Charlie sale de su rincón,",55,31,2018,Frankfurt,Lower advanced,5,female,46,PRE,MC,DEF,GI,N,dp,DE_WR_39_46_30_14_IK,90.7,No,16,30,Yes,45,Outsideclassroom,Yes,"French, English, Hungarian",57_31,salir,simple-finite,NA
"encuentra al policía,",55,32,2018,Frankfurt,Lower advanced,5,female,46,NA,MC,NA,GI,Y,nullsub,DE_WR_39_46_30_14_IK,90.7,No,16,30,Yes,45,Outsideclassroom,Yes,"French, English, Hungarian",57_32,encontrar,simple-finite,NA
torna,55,33,2018,Frankfurt,Lower advanced,5,female,46,NA,MC,NA,GI,Y,nullsub,DE_WR_39_46_30_14_IK,90.7,No,16,30,Yes,45,Outsideclassroom,Yes,"French, English, Hungarian",57_33,tornar,simple-finite,NA
y se va en otra dirección,55,34,2018,Frankfurt,Lower advanced,5,female,46,NA,MC,NA,GI,Y,nullsub,DE_WR_39_46_30_14_IK,90.7,No,16,30,Yes,45,Outsideclassroom,Yes,"French, English, Hungarian",57_34,irse,simple-finite,NA
que es exactamente,55,35,2018,Frankfurt,Lower advanced,5,female,46,PRE,SC,DEF,GI,N,pron,DE_WR_39_46_30_14_IK,90.7,No,16,30,Yes,45,Outsideclassroom,Yes,"French, English, Hungarian",57_35,ser,simple-finite,NA
dónde está el coche de bebé.,55,36,2018,Frankfurt,Lower advanced,5,female,46,POST,SC,DEF,GI,N,dp,DE_WR_39_46_30_14_IK,90.7,No,16,30,Yes,45,Outsideclassroom,Yes,"French, English, Hungarian",57_36,estar,simple-finite,NA
"Sale la mujer de la tienda,",55,37,2018,Frankfurt,Lower advanced,5,female,46,POST,MC,DEF,GI,N,dp,DE_WR_39_46_30_14_IK,90.7,No,16,30,Yes,45,Outsideclassroom,Yes,"French, English, Hungarian",57_37,salir,simple-finite,NA
"y cuando ve a Charlie pasando,",55,38,2018,Frankfurt,Lower advanced,5,female,46,NA,SC,NA,GI,Y,nullsub,DE_WR_39_46_30_14_IK,90.7,No,16,30,Yes,45,Outsideclassroom,Yes,"French, English, Hungarian",57_38,ver,simple-finite,NA
piensa,55,39,2018,Frankfurt,Lower advanced,5,female,46,NA,MC,NA,GI,Y,nullsub,DE_WR_39_46_30_14_IK,90.7,No,16,30,Yes,45,Outsideclassroom,Yes,"French, English, Hungarian",57_39,pensar,simple-finite,NA
"Pasa una mujer con coche de bebé,",55,4,2018,Frankfurt,Lower advanced,5,female,46,POST,MC,INDEF,NE,N,dp,DE_WR_39_46_30_14_IK,90.7,No,16,30,Yes,45,Outsideclassroom,Yes,"French, English, Hungarian",57_4,pasar,simple-finite,NA
que otra vez fue él,55,40,2018,Frankfurt,Lower advanced,5,female,46,POST,SC,DEF,GI,N,pron,DE_WR_39_46_30_14_IK,90.7,No,16,30,Yes,45,Outsideclassroom,Yes,"French, English, Hungarian",57_40,ser,simple-finite,NA
que le puso el bebé en el coche.,55,41,2018,Frankfurt,Lower advanced,5,female,46,PRE,SC,DEF,GI,Y,pron,DE_WR_39_46_30_14_IK,90.7,No,16,30,Yes,45,Outsideclassroom,Yes,"French, English, Hungarian",57_41,poner,simple-finite,NA
Empieza un disputo,55,42,2018,Frankfurt,Lower advanced,5,female,46,POST,MC,INDEF,NE,N,dp,DE_WR_39_46_30_14_IK,90.7,No,16,30,Yes,45,Outsideclassroom,Yes,"French, English, Hungarian",57_42,empezar,simple-finite,NA
que atrae al policía.,55,43,2018,Frankfurt,Lower advanced,5,female,46,PRE,SC,DEF,GI,Y,pron,DE_WR_39_46_30_14_IK,90.7,No,16,30,Yes,45,Outsideclassroom,Yes,"French, English, Hungarian",57_43,atraer,simple-finite,NA
Así Charlie se va otra vez con la criatura en sus brazos.,55,44,2018,Frankfurt,Lower advanced,5,female,46,PRE,MC,DEF,GI,N,dp,DE_WR_39_46_30_14_IK,90.7,No,16,30,Yes,45,Outsideclassroom,Yes,"French, English, Hungarian",57_44,irse,simple-finite,NA
piensa en alguna solución.,55,46,2018,Frankfurt,Lower advanced,5,female,46,NA,MC,NA,GI,Y,nullsub,DE_WR_39_46_30_14_IK,90.7,No,16,30,Yes,45,Outsideclassroom,Yes,"French, English, Hungarian",57_46,pensar,simple-finite,NA
Al final encuentra una noticia dejada en las ropas del bebé.,55,47,2018,Frankfurt,Lower advanced,5,female,46,NA,MC,NA,GI,Y,nullsub,DE_WR_39_46_30_14_IK,90.7,No,16,30,Yes,45,Outsideclassroom,Yes,"French, English, Hungarian",57_47,encontrar,simple-finite,NA
Charlie se deja mover de esas palabras,55,50,2018,Frankfurt,Lower advanced,5,female,46,PRE,MC,DEF,GI,Y,dp,DE_WR_39_46_30_14_IK,90.7,No,16,30,Yes,45,Outsideclassroom,Yes,"French, English, Hungarian",57_50,mover,modal,NA
y acepta el bebé como el suyo.,55,51,2018,Frankfurt,Lower advanced,5,female,46,NA,MC,NA,GI,Y,nullsub,DE_WR_39_46_30_14_IK,90.7,No,16,30,Yes,45,Outsideclassroom,Yes,"French, English, Hungarian",57_51,aceptar,simple-finite,NA
"que el bebé sea él de la mujer,",55,6,2018,Frankfurt,Lower advanced,5,female,46,PRE,SC,DEF,GI,N,dp,DE_WR_39_46_30_14_IK,90.7,No,16,30,Yes,45,Outsideclassroom,Yes,"French, English, Hungarian",57_6,ser,simple-finite,NA
"o al menos que ella pueda cuidar del bebé mejor que él,",55,7,2018,Frankfurt,Lower advanced,5,female,46,PRE,SC,DEF,GI,N,pron,DE_WR_39_46_30_14_IK,90.7,No,16,30,Yes,45,Outsideclassroom,Yes,"French, English, Hungarian",57_7,cuidar,modal,NA
la llama,55,8,2018,Frankfurt,Lower advanced,5,female,46,NA,MC,NA,GI,N,nullsub,DE_WR_39_46_30_14_IK,90.7,No,16,30,Yes,45,Outsideclassroom,Yes,"French, English, Hungarian",57_8,llamar,simple-finite,NA
y le pone el bebé en el coche.,55,9,2018,Frankfurt,Lower advanced,5,female,46,NA,MC,NA,GI,Y,nullsub,DE_WR_39_46_30_14_IK,90.7,No,16,30,Yes,45,Outsideclassroom,Yes,"French, English, Hungarian",57_9,poner,simple-finite,NA
"que ya tiene un bebé,",66,11,2018,Munich,Lower intermediate,3,female,21,NA,SC,NA,GI,Y,nullsub,DE_WR_41_21_3_14_MP,95.3,No,18,3,Yes,15,Outsideclassroom,No,English,69_11,tener,simple-finite,NA
pero la mujer no lo quiere,66,12,2018,Munich,Lower intermediate,3,female,21,PRE,MC,DEF,GI,Y,dp,DE_WR_41_21_3_14_MP,95.3,No,18,3,Yes,15,Outsideclassroom,No,English,69_12,querer,simple-finite,NA
y rechaza el bebé.,66,13,2018,Munich,Lower intermediate,3,female,21,NA,MC,NA,GI,Y,nullsub,DE_WR_41_21_3_14_MP,95.3,No,18,3,Yes,15,Outsideclassroom,No,English,69_13,rechazar,simple-finite,NA
Después Chaplin intenta dejar el bebé,66,14,2018,Munich,Lower intermediate,3,female,21,PRE,MC,DEF,GI,N,dp,DE_WR_41_21_3_14_MP,95.3,No,18,3,Yes,15,Outsideclassroom,No,English,69_14,intentar,infinitive,NA
"donde lo encontró,",66,15,2018,Munich,Lower intermediate,3,female,21,NA,SC,NA,GI,Y,nullsub,DE_WR_41_21_3_14_MP,95.3,No,18,3,Yes,15,Outsideclassroom,No,English,69_15,encontrar,simple-finite,NA
"pero le ve la policia,",66,16,2018,Munich,Lower intermediate,3,female,21,POST,MC,DEF,NE,N,dp,DE_WR_41_21_3_14_MP,95.3,No,18,3,Yes,15,Outsideclassroom,No,English,69_16,ver,simple-finite,NA
asi que se va,66,17,2018,Munich,Lower intermediate,3,female,21,NA,MC,NA,GI,N,nullsub,DE_WR_41_21_3_14_MP,95.3,No,18,3,Yes,15,Outsideclassroom,No,English,69_17,irse,simple-finite,NA
Cuando encuentra otro hombre,67,19,2018,Munich,Lower intermediate,3,female,21,NA,SC,NA,GI,Y,nullsub,DE_WR_41_21_3_14_MP,95.3,No,18,3,Yes,15,Outsideclassroom,No,English,69_19,encontrar,simple-finite,NA
intenta dejar el bebé con el,67,20,2018,Munich,Lower intermediate,3,female,21,NA,MC,NA,GI,Y,nullsub,DE_WR_41_21_3_14_MP,95.3,No,18,3,Yes,15,Outsideclassroom,No,English,69_20,intentar,infinitive,NA
el otro hombre deja el bebé con la misma mujer,67,22,2018,Munich,Lower intermediate,3,female,21,PRE,MC,DEF,GI,N,dp,DE_WR_41_21_3_14_MP,95.3,No,18,3,Yes,15,Outsideclassroom,No,English,69_22,dejar,simple-finite,NA
a la que antes había encontrado Chaplin,67,23,2018,Munich,Lower intermediate,3,female,21,POST,SC,DEF,GI,N,dp,DE_WR_41_21_3_14_MP,95.3,No,18,3,Yes,15,Outsideclassroom,No,English,69_23,encontrar,simple-finite,NA
y que ya tiene un bebé.,67,24,2018,Munich,Lower intermediate,3,female,21,PRE,MC,DEF,GI,N,pron,DE_WR_41_21_3_14_MP,95.3,No,18,3,Yes,15,Outsideclassroom,No,English,69_24,tener,simple-finite,NA
Cuando la mujer se da cuenta de esto,67,25,2018,Munich,Lower intermediate,3,female,21,PRE,SC,DEF,GI,N,dp,DE_WR_41_21_3_14_MP,95.3,No,18,3,Yes,15,Outsideclassroom,No,English,69_25,darse ,periphrasis-lexical,NA
"ve a Chaplin,",67,26,2018,Munich,Lower intermediate,3,female,21,NA,MC,NA,GI,Y,nullsub,DE_WR_41_21_3_14_MP,95.3,No,18,3,Yes,15,Outsideclassroom,No,English,69_26,ver,simple-finite,NA
empieza a lamentar en alta voz,67,27,2018,Munich,Lower intermediate,3,female,21,NA,MC,NA,GI,Y,nullsub,DE_WR_41_21_3_14_MP,95.3,No,18,3,Yes,15,Outsideclassroom,No,English,69_27,lamentar,simple-finite,NA
y la policia se acerca.,67,28,2018,Munich,Lower intermediate,3,female,21,PRE,MC,DEF,GI,N,dp,DE_WR_41_21_3_14_MP,95.3,No,18,3,Yes,15,Outsideclassroom,No,English,69_28,acercarse,simple-finite,NA
"Por eso Chaplin se va con el bebé de nuevo,",67,29,2018,Munich,Lower intermediate,3,female,21,PRE,MC,DEF,GI,N,dp,DE_WR_41_21_3_14_MP,95.3,No,18,3,Yes,15,Outsideclassroom,No,English,69_29,irse,simple-finite,NA
mientras que gente está echando basura,67,3,2018,Munich,Lower intermediate,3,female,21,PRE,SC,INDEF,NE,N,dp,DE_WR_41_21_3_14_MP,95.3,No,18,3,Yes,15,Outsideclassroom,No,English,69_3,echar,periphrasis-gerund,NA
porque no quiere,67,30,2018,Munich,Lower intermediate,3,female,21,NA,SC,NA,GI,Y,nullsub,DE_WR_41_21_3_14_MP,95.3,No,18,3,Yes,15,Outsideclassroom,No,English,69_30,querer,simple-finite,NA
que la policia le eche la bronca.,67,31,2018,Munich,Lower intermediate,3,female,21,PRE,SC,DEF,GI,N,dp,DE_WR_41_21_3_14_MP,95.3,No,18,3,Yes,15,Outsideclassroom,No,English,69_31,echar,simple-finite,NA
Al final se sienta con el,67,32,2018,Munich,Lower intermediate,3,female,21,NA,MC,NA,GI,N,nullsub,DE_WR_41_21_3_14_MP,95.3,No,18,3,Yes,15,Outsideclassroom,No,English,69_32,sentarse,simple-finite,NA
y aparece bastante contento.,67,33,2018,Munich,Lower intermediate,3,female,21,NA,MC,NA,GI,Y,nullsub,DE_WR_41_21_3_14_MP,95.3,No,18,3,Yes,15,Outsideclassroom,No,English,69_33,aparecer,simple-finite,NA
"Le gusta el bebé,",67,34,2018,Munich,Lower intermediate,3,female,21,POST,MC,DEF,GI,N,dp,DE_WR_41_21_3_14_MP,95.3,No,18,3,Yes,15,Outsideclassroom,No,English,69_34,gustar,simple-finite,NA
"empieza a sonreír,",67,35,2018,Munich,Lower intermediate,3,female,21,NA,MC,NA,GI,N,nullsub,DE_WR_41_21_3_14_MP,95.3,No,18,3,Yes,15,Outsideclassroom,No,English,69_35,sonreír,periphrasis-lexical,NA
"y se va con el otra vez,",67,36,2018,Munich,Lower intermediate,3,female,21,NA,MC,NA,GI,Y,nullsub,DE_WR_41_21_3_14_MP,95.3,No,18,3,Yes,15,Outsideclassroom,No,English,69_36,irse,simple-finite,NA
pero sin intentar dejarlo con alguien.,67,37,2018,Munich,Lower intermediate,3,female,21,NA,SC,NA,GI,Y,nullsub,DE_WR_41_21_3_14_MP,95.3,No,18,3,Yes,15,Outsideclassroom,No,English,69_37,intentar,infinitive,NA
que hace sucio Chaplin tambien.,67,4,2018,Munich,Lower intermediate,3,female,21,PRE,SC,DEF,GI,N,pron,DE_WR_41_21_3_14_MP,95.3,No,18,3,Yes,15,Outsideclassroom,No,English,69_4,hacer,simple-finite,NA
Mientras que está lamentando,67,5,2018,Munich,Lower intermediate,3,female,21,NA,SC,NA,GI,N,nullsub,DE_WR_41_21_3_14_MP,95.3,No,18,3,Yes,15,Outsideclassroom,No,English,69_5,lamentar,periphrasis-gerund,NA
se da cuenta de,67,6,2018,Munich,Lower intermediate,3,female,21,NA,MC,NA,GI,Y,nullsub,DE_WR_41_21_3_14_MP,95.3,No,18,3,Yes,15,Outsideclassroom,No,English,69_6,darse ,periphrasis-lexical,NA
lo que alguien dejó su bebé en este patio.,67,7,2018,Munich,Lower intermediate,3,female,21,PRE,SC,INDEF,NE,N,pron,DE_WR_41_21_3_14_MP,95.3,No,18,3,Yes,15,Outsideclassroom,No,English,69_7,dejar,simple-finite,NA
Al principio Chaplin piensa,67,8,2018,Munich,Lower intermediate,3,female,21,PRE,MC,DEF,GI,N,dp,DE_WR_41_21_3_14_MP,95.3,No,18,3,Yes,15,Outsideclassroom,No,English,69_8,pensar,simple-finite,NA
que fue dejado por una mujar,67,9,2018,Munich,Lower intermediate,3,female,21,NA,SC,NA,GI,N,nullsub,DE_WR_41_21_3_14_MP,95.3,No,18,3,Yes,15,Outsideclassroom,No,English,69_9,dejar,passive,NA
"Un día un hombre elegante, concretamente Charles Chaplin, anduvo por las calles,",70,1,2018,Kiel,Upper intermediate,4,female,23,PRE,MC,DEF,NE,N,dp,DE_WR_41_23_5_14_PN,95.3,No,17,5,Yes,16,Outsideclassroom,No,English,72_1,andar,simple-finite,NA
Charles Chaplin puso el bebé en el carro de la mujer,70,10,2018,Kiel,Upper intermediate,4,female,23,PRE,MC,DEF,GI,N,dp,DE_WR_41_23_5_14_PN,95.3,No,17,5,Yes,16,Outsideclassroom,No,English,72_10,poner,simple-finite,NA
y la dijo en un inglés muy educado:,70,11,2018,Kiel,Upper intermediate,4,female,23,NA,MC,NA,GI,Y,nullsub,DE_WR_41_23_5_14_PN,95.3,No,17,5,Yes,16,Outsideclassroom,No,English,72_11,decir,simple-finite,NA
Elle se enfadó,70,13,2018,Kiel,Upper intermediate,4,female,23,PRE,MC,DEF,GI,N,pron,DE_WR_41_23_5_14_PN,95.3,No,17,5,Yes,16,Outsideclassroom,No,English,72_13,enfadarse,simple-finite,NA
y negó,70,14,2018,Kiel,Upper intermediate,4,female,23,NA,MC,NA,GI,Y,nullsub,DE_WR_41_23_5_14_PN,95.3,No,17,5,Yes,16,Outsideclassroom,No,English,72_14,negar,simple-finite,NA
que el bebé no sea el suyo.,70,15,2018,Kiel,Upper intermediate,4,female,23,PRE,SC,DEF,GI,N,dp,DE_WR_41_23_5_14_PN,95.3,No,17,5,Yes,16,Outsideclassroom,No,English,72_15,ser,simple-finite,NA
Por eso Charles quería devolver el bebé exactamente,70,16,2018,Kiel,Upper intermediate,4,female,23,PRE,MC,DEF,GI,N,dp,DE_WR_41_23_5_14_PN,95.3,No,17,5,Yes,16,Outsideclassroom,No,English,72_16,devolver,modal,NA
donde lo había encontrado antes.,70,17,2018,Kiel,Upper intermediate,4,female,23,NA,SC,NA,GI,Y,nullsub,DE_WR_41_23_5_14_PN,95.3,No,17,5,Yes,16,Outsideclassroom,No,English,72_17,encontrar,simple-finite,NA
Desgraciadamente vino un hombre de la policía en el momento,70,18,2018,Kiel,Upper intermediate,4,female,23,POST,MC,INDEF,NE,N,dp,DE_WR_41_23_5_14_PN,95.3,No,17,5,Yes,16,Outsideclassroom,No,English,72_18,venir,simple-finite,NA
"en que Charles estaba poniendo el bebé al suelo,",70,19,2018,Kiel,Upper intermediate,4,female,23,PRE,SC,DEF,GI,N,dp,DE_WR_41_23_5_14_PN,95.3,No,17,5,Yes,16,Outsideclassroom,No,English,72_19,poner,periphrasis-gerund,NA
se encendió un cigarrillo,70,2,2018,Kiel,Upper intermediate,4,female,23,NA,MC,NA,GI,Y,nullsub,DE_WR_41_23_5_14_PN,95.3,No,17,5,Yes,16,Outsideclassroom,No,English,72_2,encender,simple-finite,NA
cuando él se giró casi se topó con este hombre,70,20,2018,Kiel,Upper intermediate,4,female,23,PRE,SC,DEF,GI,Y,pron,DE_WR_41_23_5_14_PN,95.3,No,17,5,Yes,16,Outsideclassroom,No,English,72_20,girarse,simple-finite,NA
y reconoció,70,21,2018,Kiel,Upper intermediate,4,female,23,NA,MC,NA,GI,Y,nullsub,DE_WR_41_23_5_14_PN,95.3,No,17,5,Yes,16,Outsideclassroom,No,English,72_21,reconocer,simple-finite,NA
que no debería dejar el bebé solo.,70,22,2018,Kiel,Upper intermediate,4,female,23,NA,SC,NA,GI,Y,nullsub,DE_WR_41_23_5_14_PN,95.3,No,17,5,Yes,16,Outsideclassroom,No,English,72_22,dejar,modal,NA
De esta manera recogió al bebé otra vez,70,23,2018,Kiel,Upper intermediate,4,female,23,NA,MC,NA,GI,Y,nullsub,DE_WR_41_23_5_14_PN,95.3,No,17,5,Yes,16,Outsideclassroom,No,English,72_23,recoger,simple-finite,NA
"y siguió andando por las calles con la intención de encontrar algún sitio,",70,24,2018,Kiel,Upper intermediate,4,female,23,NA,MC,NA,GI,Y,nullsub,DE_WR_41_23_5_14_PN,95.3,No,17,5,Yes,16,Outsideclassroom,No,English,72_24,andar,periphrasis-gerund,NA
Unos segundos más tarde encontró a un hombre,71,26,2018,Kiel,Upper intermediate,4,female,23,NA,MC,NA,GI,Y,nullsub,DE_WR_41_23_5_14_PN,95.3,No,17,5,Yes,16,Outsideclassroom,No,English,72_26,encontrar,simple-finite,NA
"que anduvo lentamente,",71,27,2018,Kiel,Upper intermediate,4,female,23,PRE,SC,DEF,GI,N,pron,DE_WR_41_23_5_14_PN,95.3,No,17,5,Yes,16,Outsideclassroom,No,English,72_27,andar,simple-finite,NA
Charles pretendió,71,28,2018,Kiel,Upper intermediate,4,female,23,PRE,MC,DEF,GI,N,dp,DE_WR_41_23_5_14_PN,95.3,No,17,5,Yes,16,Outsideclassroom,No,English,72_28,pretender,simple-finite,NA
que tuviera problemas con sus zapatos,71,29,2018,Kiel,Upper intermediate,4,female,23,NA,SC,NA,GI,Y,nullsub,DE_WR_41_23_5_14_PN,95.3,No,17,5,Yes,16,Outsideclassroom,No,English,72_29,tener,simple-finite,NA
y de repente encontró a un bebé,71,3,2018,Kiel,Upper intermediate,4,female,23,NA,MC,NA,GI,Y,nullsub,DE_WR_41_23_5_14_PN,95.3,No,17,5,Yes,16,Outsideclassroom,No,English,72_3,encontrar,simple-finite,NA
y preguntó a este hombre,71,30,2018,Kiel,Upper intermediate,4,female,23,NA,MC,NA,GI,Y,nullsub,DE_WR_41_23_5_14_PN,95.3,No,17,5,Yes,16,Outsideclassroom,No,English,72_30,preguntar,simple-finite,NA
si él pudiera coger al bebé por un breve momento.,71,31,2018,Kiel,Upper intermediate,4,female,23,PRE,SC,DEF,GI,N,dp,DE_WR_41_23_5_14_PN,95.3,No,17,5,Yes,16,Outsideclassroom,No,English,72_31,coger,modal,NA
"Justamente en el momento cuando el bebé estaba en las manos de este hombre,",71,32,2018,Kiel,Upper intermediate,4,female,23,PRE,SC,DEF,GI,N,dp,DE_WR_41_23_5_14_PN,95.3,No,17,5,Yes,16,Outsideclassroom,No,English,72_32,estar,simple-finite,NA
Charles se estiró,71,33,2018,Kiel,Upper intermediate,4,female,23,PRE,MC,DEF,GI,N,dp,DE_WR_41_23_5_14_PN,95.3,No,17,5,Yes,16,Outsideclassroom,No,English,72_33,estirar,simple-finite,NA
y empezó de correr a otro sitio para esconderse.,71,34,2018,Kiel,Upper intermediate,4,female,23,NA,MC,NA,GI,Y,nullsub,DE_WR_41_23_5_14_PN,95.3,No,17,5,Yes,16,Outsideclassroom,No,English,72_34,correr,periphrasis-lexical,NA
En el mismo tiempo el hombre lento encontró el carro de la mujer,71,35,2018,Kiel,Upper intermediate,4,female,23,PRE,MC,DEF,GI,N,dp,DE_WR_41_23_5_14_PN,95.3,No,17,5,Yes,16,Outsideclassroom,No,English,72_35,encontrar,simple-finite,NA
y entonces se deshizo del bebé.,71,36,2018,Kiel,Upper intermediate,4,female,23,NA,MC,NA,GI,Y,nullsub,DE_WR_41_23_5_14_PN,95.3,No,17,5,Yes,16,Outsideclassroom,No,English,72_36,deshacerse,simple-finite,NA
Un rato más tarde Charles salió de su escondite,71,37,2018,Kiel,Upper intermediate,4,female,23,PRE,MC,DEF,GI,N,dp,DE_WR_41_23_5_14_PN,95.3,No,17,5,Yes,16,Outsideclassroom,No,English,72_37,salir,simple-finite,NA
"y, otra vez, casi se topó con el hombre de la policía.",71,38,2018,Kiel,Upper intermediate,4,female,23,NA,MC,NA,GI,Y,nullsub,DE_WR_41_23_5_14_PN,95.3,No,17,5,Yes,16,Outsideclassroom,No,English,72_38,toparse,simple-finite,NA
Charles anduvo rápidamente en alguna dirección,71,39,2018,Kiel,Upper intermediate,4,female,23,PRE,MC,DEF,GI,Y,dp,DE_WR_41_23_5_14_PN,95.3,No,17,5,Yes,16,Outsideclassroom,No,English,72_39,andar,simple-finite,NA
que estaba al suelo gritando.,71,4,2018,Kiel,Upper intermediate,4,female,23,PRE,SC,DEF,GI,N,pron,DE_WR_41_23_5_14_PN,95.3,No,17,5,Yes,16,Outsideclassroom,No,English,72_4,estar,periphrasis-gerund,NA
"y su camino se cruzaba con la mujer con el carro,",71,40,2018,Kiel,Upper intermediate,4,female,23,PRE,MC,DEF,NE,N,dp,DE_WR_41_23_5_14_PN,95.3,No,17,5,Yes,16,Outsideclassroom,No,English,72_40,cruzar,simple-finite,NA
"cuando le vio,",71,41,2018,Kiel,Upper intermediate,4,female,23,NA,SC,NA,GI,N,nullsub,DE_WR_41_23_5_14_PN,95.3,No,17,5,Yes,16,Outsideclassroom,No,English,72_41,ver,simple-finite,NA
le golpeó muchas veces con sus paraguas,71,42,2018,Kiel,Upper intermediate,4,female,23,NA,MC,NA,GI,Y,nullsub,DE_WR_41_23_5_14_PN,95.3,No,17,5,Yes,16,Outsideclassroom,No,English,72_42,golpear,simple-finite,NA
y Charles se veía otra vez con el bebé en las manos.,71,43,2018,Kiel,Upper intermediate,4,female,23,PRE,MC,DEF,GI,N,dp,DE_WR_41_23_5_14_PN,95.3,No,17,5,Yes,16,Outsideclassroom,No,English,72_43,ver,simple-finite,NA
"estaba pensando en ponerlo en la canalización,",71,45,2018,Kiel,Upper intermediate,4,female,23,NA,MC,NA,GI,Y,nullsub,DE_WR_41_23_5_14_PN,95.3,No,17,5,Yes,16,Outsideclassroom,No,English,72_45,pensar,periphrasis-gerund,NA
pero cuando el encontró una carta,71,46,2018,Kiel,Upper intermediate,4,female,23,PRE,SC,DEF,GI,Y,pron,DE_WR_41_23_5_14_PN,95.3,No,17,5,Yes,16,Outsideclassroom,No,English,72_46,encontrar,simple-finite,NA
"él empezó de sonreír,",71,49,2018,Kiel,Upper intermediate,4,female,23,PRE,MC,DEF,GI,N,pron,DE_WR_41_23_5_14_PN,95.3,No,17,5,Yes,16,Outsideclassroom,No,English,72_49,empezar,simple-finite,NA
Él miró hacia arriba  para ver,71,5,2018,Kiel,Upper intermediate,4,female,23,PRE,MC,DEF,GI,N,pron,DE_WR_41_23_5_14_PN,95.3,No,17,5,Yes,16,Outsideclassroom,No,English,72_5,mirar,simple-finite,NA
se quedó con el bebé,71,50,2018,Kiel,Upper intermediate,4,female,23,NA,MC,NA,GI,Y,nullsub,DE_WR_41_23_5_14_PN,95.3,No,17,5,Yes,16,Outsideclassroom,No,English,72_50,quedarse,simple-finite,NA
y se marchó.,71,51,2018,Kiel,Upper intermediate,4,female,23,NA,MC,NA,GI,Y,nullsub,DE_WR_41_23_5_14_PN,95.3,No,17,5,Yes,16,Outsideclassroom,No,English,72_51,marcharse,simple-finite,NA
"de dónde había venido,",71,6,2018,Kiel,Upper intermediate,4,female,23,NA,SC,NA,GI,N,nullsub,DE_WR_41_23_5_14_PN,95.3,No,17,5,Yes,16,Outsideclassroom,No,English,72_6,venir,simple-finite,NA
entonces cogió a este bebe,72,7,2018,Kiel,Upper intermediate,4,female,23,NA,MC,NA,GI,N,nullsub,DE_WR_41_23_5_14_PN,95.3,No,17,5,Yes,16,Outsideclassroom,No,English,72_7,coger,simple-finite,NA
y la vio a una mujer con un carro con un bebé dentro.,72,8,2018,Kiel,Upper intermediate,4,female,23,NA,MC,NA,GI,Y,nullsub,DE_WR_41_23_5_14_PN,95.3,No,17,5,Yes,16,Outsideclassroom,No,English,72_8,ver,simple-finite,NA
"Cuando la mujer entraba en una casa,",72,9,2018,Kiel,Upper intermediate,4,female,23,PRE,SC,DEF,GI,N,dp,DE_WR_41_23_5_14_PN,95.3,No,17,5,Yes,16,Outsideclassroom,No,English,72_9,entrar,simple-finite,NA
