Text,Filename
Chaplin camino en la calle,DE_WR_19_26_5_14_MRL
y busco un bebé cerca de una esquina,DE_WR_19_26_5_14_MRL
El no quiere el bebé,DE_WR_19_26_5_14_MRL
y busco una otra persona para el bebé,DE_WR_19_26_5_14_MRL
Hay una mujer con un otro bebé,DE_WR_19_26_5_14_MRL
pero ella no quiere un otro,DE_WR_19_26_5_14_MRL
Un hombre que es viejo y no saludable,DE_WR_19_26_5_14_MRL
tampoco quiere el bebé,DE_WR_19_26_5_14_MRL
Chaplin vuelve a la esquina para dejar el bebé,DE_WR_19_26_5_14_MRL
Allí fue un hombre de la policía,DE_WR_19_26_5_14_MRL
y Chaplin fue a la calle,DE_WR_19_26_5_14_MRL
Una otra vez lo mismo,DE_WR_19_26_5_14_MRL
Pero nadie quiere el bebé,DE_WR_19_26_5_14_MRL
por eso el tiene problemas con una mujer,DE_WR_19_26_5_14_MRL
y después con la policía,DE_WR_19_26_5_14_MRL
Cuando el lleva el bebé,DE_WR_19_26_5_14_MRL
Chaplin les una noticia en la ropa del niño,DE_WR_19_26_5_14_MRL
que estás bien para el bebé,DE_WR_19_26_5_14_MRL
En el video se ve un hombre que pasea por las callejuelas,DE_WR_30_28_2_14_GV
que pasea por las callejuelas,DE_WR_30_28_2_14_GV
Después encendió un cigarrillo,DE_WR_30_28_2_14_GV
Señala un bebé en una manta en tierra,DE_WR_30_28_2_14_GV
Así busca una persona,DE_WR_30_28_2_14_GV
que posiblemente ha perdido su niño,DE_WR_30_28_2_14_GV
Encuentra una madre con un niño en un cochecito,DE_WR_30_28_2_14_GV
Pero después ha acostado el bebé en este cochecito,DE_WR_30_28_2_14_GV
La madre se pone furiosa,DE_WR_30_28_2_14_GV
Por eso el hombre toma el bebé,DE_WR_30_28_2_14_GV
Y continúa paseando por las callejuelas,DE_WR_30_28_2_14_GV
Encuentra otro hombre,DE_WR_30_28_2_14_GV
Y le pone el bebé en su brazo,DE_WR_30_28_2_14_GV
Por lo tanto se escapa,DE_WR_30_28_2_14_GV
Y se esconde de este hombre,DE_WR_30_28_2_14_GV
Mientras el otro hombre encuentra el cochecito de la madre,DE_WR_30_28_2_14_GV
Y acuesta el bebé,DE_WR_30_28_2_14_GV
En el momento en que la madre ve en su cochecito al bebé de nuevo,DE_WR_30_28_2_14_GV
El hombre pasea por la misma calle,DE_WR_30_28_2_14_GV
Así la madre cree que es el mismo hombre que ha acostado el bebé en su cochecito,DE_WR_30_28_2_14_GV
Y le golpea con su paraguas,DE_WR_30_28_2_14_GV
El hombre toma el bebé,DE_WR_30_28_2_14_GV
Y se sienta en la acera,DE_WR_30_28_2_14_GV
En la manta del bebé encuentra una nota con un mensaje,DE_WR_30_28_2_14_GV
Que dice [Please love and care for this orphan child],DE_WR_30_28_2_14_GV
Cuando Chaplin está andando afuera,DE_WR_34_23_15_14_BA
Él encuentra un bebé,DE_WR_34_23_15_14_BA
No ve nadie cerca de ese bebé,DE_WR_34_23_15_14_BA
Mientras el busca la mamá del bebé,DE_WR_34_23_15_14_BA
Una mujer anda cerca de él,DE_WR_34_23_15_14_BA
Ella tiene un cochecito con su propio bebé,DE_WR_34_23_15_14_BA
Chaplin decide sentar el bebé que encontró en ese cochecito,DE_WR_34_23_15_14_BA
que encontró en ese cochecito,DE_WR_34_23_15_14_BA
Pero a la mujer no le gusta su decisión,DE_WR_34_23_15_14_BA
Y Chaplin tiene que tomar el bebé con él,DE_WR_34_23_15_14_BA
Se decide a dejar ese bebé donde lo encontró,DE_WR_34_23_15_14_BA
Pero no puede porque un hombre de la policía lo ve,DE_WR_34_23_15_14_BA
Por eso Chaplin ya toma el bebé por otra vez,DE_WR_34_23_15_14_BA
Y va detrás de la casa,DE_WR_34_23_15_14_BA
Donde ve un viejo hombre,DE_WR_34_23_15_14_BA
Chaplin le da el bebé,DE_WR_34_23_15_14_BA
para cerrar sus zapatos,DE_WR_34_23_15_14_BA
En el momento en que el hombre viejo tiene el bebé en sus brazos,DE_WR_34_23_15_14_BA
Chaplin se escapa,DE_WR_34_23_15_14_BA
El hombre viejo,DE_WR_34_23_15_14_BA
que no sabe qué hacer con el bebé,DE_WR_34_23_15_14_BA
Ve el cochecito con un bebé de la misma mujer como Chaplin,DE_WR_34_23_15_14_BA
Y sienta el bebé de Chaplin en el cochecito,DE_WR_34_23_15_14_BA
Y también se escapa,DE_WR_34_23_15_14_BA
Chaplin comete el error de estar pasando la tienda,DE_WR_34_23_15_14_BA
Al mismo momento cuando la mujer sale,DE_WR_34_23_15_14_BA
Al momento en que ella ve a Chaplin,DE_WR_34_23_15_14_BA
Y al bebé desconocido en su cochecito,DE_WR_34_23_15_14_BA
Ella toma su paraguas,DE_WR_34_23_15_14_BA
Corre detrás de Chaplin,DE_WR_34_23_15_14_BA
Y lo golpea con su paraguas,DE_WR_34_23_15_14_BA
Ella grita por la policía,DE_WR_34_23_15_14_BA
Chaplin está intentando explicar,DE_WR_34_23_15_14_BA
que ese bebé no es suyo,DE_WR_34_23_15_14_BA
Pero al final tiene que tomarlo,DE_WR_34_23_15_14_BA
Chaplin se sienta en la calle,DE_WR_34_23_15_14_BA
Ve una boca de alcantarilla,DE_WR_34_23_15_14_BA
Y piensa en dejar el bebé allí,DE_WR_34_23_15_14_BA
Pero no lo hace,DE_WR_34_23_15_14_BA
Encuentra un papel en la manta del bebé,DE_WR_34_23_15_14_BA
Allí está escrito que la persona que encuentra el bebé,DE_WR_34_23_15_14_BA
Debe cuidarlo,DE_WR_34_23_15_14_BA
Chaplin al final decide mantener al bebé,DE_WR_34_23_15_14_BA
La película empieza en una calle,DE_WR_35_22_4_14_EB
Todo es en negro-blanco,DE_WR_35_22_4_14_EB
Y es una película de silencio,DE_WR_35_22_4_14_EB
Nadie dice algo,DE_WR_35_22_4_14_EB
Sólo hay música,DE_WR_35_22_4_14_EB
Chaplin está caminando en la calle,DE_WR_35_22_4_14_EB
Los edificios son viejos,DE_WR_35_22_4_14_EB
Y algo caído a la cabeza de Chaplin,DE_WR_35_22_4_14_EB
Durante su camino,DE_WR_35_22_4_14_EB
Él mira arriba,DE_WR_35_22_4_14_EB
Pero no ve nadie,DE_WR_35_22_4_14_EB
Entonces él busca en sus cosas,DE_WR_35_22_4_14_EB
Si encuentra otro cigarrillo,DE_WR_35_22_4_14_EB
Porque la última ha caído,DE_WR_35_22_4_14_EB
Encuentra uno,DE_WR_35_22_4_14_EB
Y quiere seguir caminando,DE_WR_35_22_4_14_EB
Pero en este momento,DE_WR_35_22_4_14_EB
Él ve un bebé en el suelo,DE_WR_35_22_4_14_EB
Él mira arriba,DE_WR_35_22_4_14_EB
Y en todos lados,DE_WR_35_22_4_14_EB
Pero no ve nadie más,DE_WR_35_22_4_14_EB
Entonces Chaplin toma el bebé,DE_WR_35_22_4_14_EB
Y sigue caminando,DE_WR_35_22_4_14_EB
Y busca un lugar o una persona,DE_WR_35_22_4_14_EB
Que pueda dejar o dar el bebé,DE_WR_35_22_4_14_EB
Encuentra una mujer,DE_WR_35_22_4_14_EB
que ya tiene un bebé,DE_WR_35_22_4_14_EB
Entonces lo deja con el otro bebé,DE_WR_35_22_4_14_EB
Cuando la mujer estaba en el edificio por un segundo,DE_WR_35_22_4_14_EB
Pero la mujer vuelve,DE_WR_35_22_4_14_EB
En el momento cuando Chaplin quiere dejarlo,DE_WR_35_22_4_14_EB
Y la mujer empieza a gritar,DE_WR_35_22_4_14_EB
Entonces Chaplin sigue,DE_WR_35_22_4_14_EB
Encuentra otro hombre,DE_WR_35_22_4_14_EB
Y la policía también,DE_WR_35_22_4_14_EB
Pero cuando Chaplin quiere dejar el bebé,DE_WR_35_22_4_14_EB
Siempre algo pasa,DE_WR_35_22_4_14_EB
Así que no puede dejarlo,DE_WR_35_22_4_14_EB
O si ya lo dejó,DE_WR_35_22_4_14_EB
El bebé vuelve,DE_WR_35_22_4_14_EB
Al fin él piensa en dejar el bebé en el suelo,DE_WR_35_22_4_14_EB
Pero en este momento ve una carta en la ropa del bebé,DE_WR_35_22_4_14_EB
"""Tratar el bebé con amor"" se dice",DE_WR_35_22_4_14_EB
Chaplin mira el bebé en la cara,DE_WR_35_22_4_14_EB
Y empieza a amarlo,DE_WR_35_22_4_14_EB
Entonces se levanta con el bebé,DE_WR_35_22_4_14_EB
Y se van juntos,DE_WR_35_22_4_14_EB
Chaplin encuentra un bebé en la calle,DE_WR_38_22_6_14_AG
que está solo,DE_WR_38_22_6_14_AG
Le pone en un cochecito en el que sienta otro niño,DE_WR_38_22_6_14_AG
él piensa,DE_WR_38_22_6_14_AG
que es el bebé de la madre,DE_WR_38_22_6_14_AG
que está al lado,DE_WR_38_22_6_14_AG
Y que le perdió,DE_WR_38_22_6_14_AG
Como no es su niño,DE_WR_38_22_6_14_AG
La mujer está enfadada,DE_WR_38_22_6_14_AG
Después Chaplin pone el bebé en el suelo,DE_WR_38_22_6_14_AG
Cuando un policía llega,DE_WR_38_22_6_14_AG
Entonces Chaplin toma el bebé otra vez,DE_WR_38_22_6_14_AG
Y desaparece para dar el niño a un viejo,DE_WR_38_22_6_14_AG
para dar el niño a un viejo,DE_WR_38_22_6_14_AG
Este viejo está confuso,DE_WR_38_22_6_14_AG
Y le pone en el mismo cochecito,DE_WR_38_22_6_14_AG
Cuando la madre del otro niño llega,DE_WR_38_22_6_14_AG
Ve a Chaplin,DE_WR_38_22_6_14_AG
que está pasando,DE_WR_38_22_6_14_AG
Y le confronta con su enfado,DE_WR_38_22_6_14_AG
Chaplin encuentra una carta,DE_WR_38_22_6_14_AG
que dice,DE_WR_38_22_6_14_AG
que el niño no tiene padres,DE_WR_38_22_6_14_AG
Por eso,DE_WR_38_22_6_14_AG
Chaplin se queda con el niño,DE_WR_38_22_6_14_AG
Un hombre encuentra un bebé en la calle,DE_WR_38_22_6_14_LE
Y intenta encontrar a alguien,DE_WR_38_22_6_14_LE
que lo coja de sus manos,DE_WR_38_22_6_14_LE
Porque no quiere la responsabilidad de buscar a los padres,DE_WR_38_22_6_14_LE
Cuando nadie lo quiere,DE_WR_38_22_6_14_LE
El hombre intenta secretamente ponerlo en un coche de niños de una mujer,DE_WR_38_22_6_14_LE
Y también en la calle,DE_WR_38_22_6_14_LE
Donde lo había encontrado,DE_WR_38_22_6_14_LE
Pero siempre es cogido,DE_WR_38_22_6_14_LE
Y tiene que buscar otra solución,DE_WR_38_22_6_14_LE
Al final encuentra un papel en la ropa del bebé,DE_WR_38_22_6_14_LE
que dice,DE_WR_38_22_6_14_LE
que por favor amar y cuidar al bebé,DE_WR_38_22_6_14_LE
Que ya no tiene padres,DE_WR_38_22_6_14_LE
Entonces,DE_WR_38_22_6_14_LE
El hombre decide cuidar al bebé,DE_WR_38_22_6_14_LE
Un hombre está caminando en la calle fumando,DE_WR_38_23_5_14_PB
Mientras la gente […] tiran su basura de la ventana a la calle,DE_WR_38_23_5_14_PB
que vive en los edificios,DE_WR_38_23_5_14_PB
Una de las cargas le da un golpe al señor,DE_WR_38_23_5_14_PB
"Antes de que aparecen las palabras ""idiota patético"" en la pantalla",DE_WR_38_23_5_14_PB
Después el señor se enciende otro cigarro,DE_WR_38_23_5_14_PB
Se limpia,DE_WR_38_23_5_14_PB
Tira sus guantes que aparentemente volvieron sucios,DE_WR_38_23_5_14_PB
que aparentemente volvieron sucios,DE_WR_38_23_5_14_PB
Y quiere seguir su camino,DE_WR_38_23_5_14_PB
De repente,DE_WR_38_23_5_14_PB
Él encuentra un bebé llorando en el suelo,DE_WR_38_23_5_14_PB
Aparentemente,DE_WR_38_23_5_14_PB
El señor está muy sorprendido,DE_WR_38_23_5_14_PB
Y checa si alguien ha tirado al bebé también,DE_WR_38_23_5_14_PB
Mientras una mujer empujando un coche de niños pasa,DE_WR_38_23_5_14_PB
El señor recoge al niño,DE_WR_38_23_5_14_PB
Camina hacia el cochecito,DE_WR_38_23_5_14_PB
Mientras la señora no pone atención a su propio bebé,DE_WR_38_23_5_14_PB
Y pone el bebé en el cochecito,DE_WR_38_23_5_14_PB
"Diciendo a la señora [""Disculpe usted ha perdido algo""]",DE_WR_38_23_5_14_PB
"Usted ha perdido algo""",DE_WR_38_23_5_14_PB
La señora reacciona enojadamente,DE_WR_38_23_5_14_PB
Y el señor recoge al niño de nuevo,DE_WR_38_23_5_14_PB
Su plan siguiente es poner el bebé,DE_WR_38_23_5_14_PB
donde lo había encontrado,DE_WR_38_23_5_14_PB
Mientras lo hace,DE_WR_38_23_5_14_PB
un policía lo mira sospechosamente,DE_WR_38_23_5_14_PB
El señor se gira,DE_WR_38_23_5_14_PB
Choca con el policía,DE_WR_38_23_5_14_PB
Encuentra su mirada,DE_WR_38_23_5_14_PB
Reconoce su error,DE_WR_38_23_5_14_PB
Y recoge al niño una vez más,DE_WR_38_23_5_14_PB
Alejándose de la situación,DE_WR_38_23_5_14_PB
El hombre se encuentra con otro señor en la calle,DE_WR_38_23_5_14_PB
Le da un signo,DE_WR_38_23_5_14_PB
que él se quisiera anudar los cordones de zapato,DE_WR_38_23_5_14_PB
Y que el otro señor agarre al niño por un momento,DE_WR_38_23_5_14_PB
Haciéndolo el descubridor del niño intenta correr y huirse sin el niño,DE_WR_38_23_5_14_PB
El otro señor empieza a seguirle,DE_WR_38_23_5_14_PB
Pero el fugitivo se esconde,DE_WR_38_23_5_14_PB
Buscándolo el otro señor pasa por el cochecito de la señora de antes,DE_WR_38_23_5_14_PB
Piensa muy cortamente,DE_WR_38_23_5_14_PB
Y pone el bebé a dentro,DE_WR_38_23_5_14_PB
Mientras la señora está dentro de una tienda,DE_WR_38_23_5_14_PB
El descubridor del niño sale de su escondite,DE_WR_38_23_5_14_PB
Y intenta no cruzar caminos con el policía,DE_WR_38_23_5_14_PB
Pasa por el mismo camino como el otro señor también,DE_WR_38_23_5_14_PB
Y se encuentra con la señora y el bebé en el cochecito,DE_WR_38_23_5_14_PB
La señora le da golpazos con sus paraguas,DE_WR_38_23_5_14_PB
Y lo obliga que recoja al niño,DE_WR_38_23_5_14_PB
Al final el policía se agrega a la situación también,DE_WR_38_23_5_14_PB
Con la consecuencia que el señor agarre al niño en fin,DE_WR_38_23_5_14_PB
Aparentemente cansado y desesperado de todo lo que ha pasado,DE_WR_38_23_5_14_PB
El señor se sienta en el andén,DE_WR_38_23_5_14_PB
Su última idea de deshacerse del niño es tirarlo en el sumidero,DE_WR_38_23_5_14_PB
Pero no lo hace,DE_WR_38_23_5_14_PB
Después de que lo había intentado acariciar y el niño lo había mordido,DE_WR_38_23_5_14_PB
El señor encuentra un papelito mezclado en la ropa del bebé,DE_WR_38_23_5_14_PB
"Que dice ""Por favor que ame y cuide por este niño huérfano""",DE_WR_38_23_5_14_PB
Entonces el señor lo mira muy agradecidamente,DE_WR_38_23_5_14_PB
Y decide quedarse con el niño,DE_WR_38_23_5_14_PB
Al principio del vídeo se puede ver a Charlie Chaplin en una calle,DE_WR_38_24_6_14_NS
Y está andando en dirección de la cámara,DE_WR_38_24_6_14_NS
Cuando de repente alguien tira una piedra desde un edificio,DE_WR_38_24_6_14_NS
Charlie prende un cigarro,DE_WR_38_24_6_14_NS
Cuando se nota que a su lado está un bebé,DE_WR_38_24_6_14_NS
Él coge el bebé,DE_WR_38_24_6_14_NS
Y le da cuenta,DE_WR_38_24_6_14_NS
que al fin de la calle está una mujer con un bebé,DE_WR_38_24_6_14_NS
Charlie le da el bebé,DE_WR_38_24_6_14_NS
Y ambos discuten sobre el bebé,DE_WR_38_24_6_14_NS
Como la mujer no quiere el bebé,DE_WR_38_24_6_14_NS
Él lo coge,DE_WR_38_24_6_14_NS
Y lo pone en el suelo,DE_WR_38_24_6_14_NS
Detrás de él aparece un policía,DE_WR_38_24_6_14_NS
Y Charlie se va con el bebé,DE_WR_38_24_6_14_NS
Cuando gira a otra calle,DE_WR_38_24_6_14_NS
Nota un hombre mayor,DE_WR_38_24_6_14_NS
Y le da el bebé,DE_WR_38_24_6_14_NS
El señor no sabe qué hacer,DE_WR_38_24_6_14_NS
Entonces lo pone en el Kinderwagen,DE_WR_38_24_6_14_NS
De la mujer que ya ha cruzado con Charlie,DE_WR_38_24_6_14_NS
El señor se va,DE_WR_38_24_6_14_NS
Y la mujer nota que tiene dos hijos en el Kinderwagen,DE_WR_38_24_6_14_NS
"Charlie, andando muy contento, entra en la escena",DE_WR_38_24_6_14_NS
Y ella le sigue,DE_WR_38_24_6_14_NS
Le da un golpe con un paraguas,DE_WR_38_24_6_14_NS
Se discuten,DE_WR_38_24_6_14_NS
Y otra vez aparece el policía,DE_WR_38_24_6_14_NS
Charlie se va con el bebé en los brazos,DE_WR_38_24_6_14_NS
Y se siente en la calle,DE_WR_38_24_6_14_NS
Le da cuenta,DE_WR_38_24_6_14_NS
que el bebé tiene un papel en la chaquetita,DE_WR_38_24_6_14_NS
que lleva,DE_WR_38_24_6_14_NS
Abre el papel,DE_WR_38_24_6_14_NS
"Y está escrito ""Por favor, ama y cuida a este niño""",DE_WR_38_24_6_14_NS
Un día Charles Chaplin pasea por la ciudad,DE_WR_39_24_4_14_VIP
Donde se nota,DE_WR_39_24_4_14_VIP
que la gente piensa,DE_WR_39_24_4_14_VIP
que él sea tonto,DE_WR_39_24_4_14_VIP
RAUS!!! Pero a Chaplin eso no le importa,DE_WR_39_24_4_14_VIP
En la ciudad encuentra a un niño muy pequeño puesto sobre el suelo,DE_WR_39_24_4_14_VIP
Pero sin su madre,DE_WR_39_24_4_14_VIP
Por eso Chaplin lo toma en sus brazos,DE_WR_39_24_4_14_VIP
Y quiere buscarla,DE_WR_39_24_4_14_VIP
Muy pronto Chaplin ve una mujer,DE_WR_39_24_4_14_VIP
que tiene un hijo,DE_WR_39_24_4_14_VIP
Y por eso piensa,DE_WR_39_24_4_14_VIP
que ella pueda ser la madre,DE_WR_39_24_4_14_VIP
Pero eso no es verdad,DE_WR_39_24_4_14_VIP
Cuando Chaplin le da el niño,DE_WR_39_24_4_14_VIP
la mujer lo grita tan fuertemente,DE_WR_39_24_4_14_VIP
Que él corre otra vez al lugar,DE_WR_39_24_4_14_VIP
donde ha encontrado el bebé,DE_WR_39_24_4_14_VIP
En el momento cuando Chaplin lo quiere poner sobre el suelo,DE_WR_39_24_4_14_VIP
La policía lo ve,DE_WR_39_24_4_14_VIP
Y Chaplin prende el niño otra vez en sus brazos,DE_WR_39_24_4_14_VIP
Lo da a un hombre que encuentra por casualidad en la calle,DE_WR_39_24_4_14_VIP
Pero este hombre tampoco quiere tener el bebé,DE_WR_39_24_4_14_VIP
Y lo da otra vez a la mujer,DE_WR_39_24_4_14_VIP
Desgraciadamente ella piensa,DE_WR_39_24_4_14_VIP
que Chaplin se lo ha dado,DE_WR_39_24_4_14_VIP
Y lo colpea brutalmente,DE_WR_39_24_4_14_VIP
Después de que ella se queja de Chaplin a la policía,DE_WR_39_24_4_14_VIP
Él toma otra vez el bebé,DE_WR_39_24_4_14_VIP
Y encuentra un correo donde una persona ha escrito,DE_WR_39_24_4_14_VIP
que el niño no tiene ni madre ni padre,DE_WR_39_24_4_14_VIP
Es un órfano,DE_WR_39_24_4_14_VIP
Por esta razón ahora Chaplin quiere ser su padre,DE_WR_39_24_4_14_VIP
"Para empezar, el vídeo comienza con una escena mostrando a Chaplin caminando por la calle",DE_WR_40_21_10_14_VL
"De repente, caen algunos trozos del cielo",DE_WR_40_21_10_14_VL
Y Chaplin se pone a mirar para arriba,DE_WR_40_21_10_14_VL
"Entonces, ve a una persona en una ventana desechando algo",DE_WR_40_21_10_14_VL
Tirando cosas a la calle,DE_WR_40_21_10_14_VL
Chaplin esquiva esta parte de la calle,DE_WR_40_21_10_14_VL
Para que las cosas no le caigan por encima,DE_WR_40_21_10_14_VL
Así que sigue caminando por la calle,DE_WR_40_21_10_14_VL
Cuando otra vez cae algo del cielo,DE_WR_40_21_10_14_VL
Esta vez por encima de él,DE_WR_40_21_10_14_VL
"Enfadado, se toma su tiempo para encender un cigarro con una cerilla",DE_WR_40_21_10_14_VL
Raspándola por un lado de su zapato,DE_WR_40_21_10_14_VL
RAUS!! Es en esta escena,DE_WR_40_21_10_14_VL
cuando encuentra un bebé abandonado en una esquina de la calle,DE_WR_40_21_10_14_VL
Lo recoge,DE_WR_40_21_10_14_VL
Y ve a una mujer con un cochecito para niños entrando en un edificio,DE_WR_40_21_10_14_VL
"Por lo cual, piensa que este bebé abandonado es suyo",DE_WR_40_21_10_14_VL
La persigue,DE_WR_40_21_10_14_VL
Y lo pone en su cochecito,DE_WR_40_21_10_14_VL
La mujer sale del edificio,DE_WR_40_21_10_14_VL
Viendo que ahora tiene un bebé ajeno en el cochecito,DE_WR_40_21_10_14_VL
"Entonces, se pone a gritar",DE_WR_40_21_10_14_VL
Y le dice a Chaplin,DE_WR_40_21_10_14_VL
que este bebe no es suyo,DE_WR_40_21_10_14_VL
Chaplin lo recoge,DE_WR_40_21_10_14_VL
E intenta dejarlo otra vez en la esquina dónde lo había encontrado,DE_WR_40_21_10_14_VL
"Desgraciadamente, en este momento aparece un Guardia Civil",DE_WR_40_21_10_14_VL
Impidiendo que Chaplin lo abandonara allí,DE_WR_40_21_10_14_VL
Lo recoge otra vez,DE_WR_40_21_10_14_VL
Y a la vuelta de la esquina ve a un hombre caminando,DE_WR_40_21_10_14_VL
Le pide a él que sujete al bebé,DE_WR_40_21_10_14_VL
Mientras él finge atarse los cordones,DE_WR_40_21_10_14_VL
Chaplin huye del señor,DE_WR_40_21_10_14_VL
Y lo deja con el bebé en sus manos,DE_WR_40_21_10_14_VL
Este hombre también intenta deshacerse del bebé,DE_WR_40_21_10_14_VL
"Por lo cual, lo pone en el mismo cochecito de la mujer al principio del vídeo",DE_WR_40_21_10_14_VL
La cual entró en un edificio y no podía ver lo que estaba pasando,DE_WR_40_21_10_14_VL
Cuando Chaplin pasa por el dicho edificio,DE_WR_40_21_10_14_VL
La mujer sale del mismo,DE_WR_40_21_10_14_VL
Y ve a Chaplin,DE_WR_40_21_10_14_VL
Lo persigue,DE_WR_40_21_10_14_VL
Y empieza a golpearlo,DE_WR_40_21_10_14_VL
Pensando que él había dejado el bebé otra vez en su cochecito,DE_WR_40_21_10_14_VL
El Guardia Civil los ve peleando también,DE_WR_40_21_10_14_VL
Pero no les presta demasiada atención,DE_WR_40_21_10_14_VL
Porque Chaplin recoge otra vez al bebé,DE_WR_40_21_10_14_VL
Y se lo lleva del escenario,DE_WR_40_21_10_14_VL
Con el niño en sus brazos,DE_WR_40_21_10_14_VL
Se sienta en un bordillo,DE_WR_40_21_10_14_VL
Y empieza a mirarlo,DE_WR_40_21_10_14_VL
Se da cuenta,DE_WR_40_21_10_14_VL
de que el bebé tiene una nota escondida debajo de la manta,DE_WR_40_21_10_14_VL
que lo está cubriendo,DE_WR_40_21_10_14_VL
La nota dice: [Le ruego que quiera y se preocupe por este huérfano],DE_WR_40_21_10_14_VL
El cortometraje termina con Chaplin riéndose,DE_WR_40_21_10_14_VL
Y aceptando al bebé como suyo,DE_WR_40_21_10_14_VL
Charlie Chaplin va caminando por las calles de una ciudad,DE_WR_40_39_39_14_SW
Mientras se caen piedras del cielo que casi le pegan,DE_WR_40_39_39_14_SW
Cuando se queda parado ve a un bebé en el suelo,DE_WR_40_39_39_14_SW
Y no ve a nadie adulto,DE_WR_40_39_39_14_SW
quien le podría pertenece,DE_WR_40_39_39_14_SW
Así que recoge al bebé,DE_WR_40_39_39_14_SW
En ese momento pasa una señora con un coche grande de bebé,DE_WR_40_39_39_14_SW
Charlie la persigue,DE_WR_40_39_39_14_SW
Y le pone el bebé en el coche,DE_WR_40_39_39_14_SW
Cuando la señora se da cuenta,DE_WR_40_39_39_14_SW
reta a Charlie,DE_WR_40_39_39_14_SW
Y le trata de pegar con su paraguas,DE_WR_40_39_39_14_SW
Así que él toma el bebé,DE_WR_40_39_39_14_SW
Y se arranca,DE_WR_40_39_39_14_SW
Quiere poner al bebé en el lugar donde lo encontró,DE_WR_40_39_39_14_SW
Cuando ve a un policía,DE_WR_40_39_39_14_SW
Así que vuelve recoger al bebé,DE_WR_40_39_39_14_SW
Y corre a la siguiente calle,DE_WR_40_39_39_14_SW
Ahí se encuentra con un hombre,DE_WR_40_39_39_14_SW
Y le pone el bebé en sus brazos,DE_WR_40_39_39_14_SW
Y se arranca nuevamente,DE_WR_40_39_39_14_SW
El hombre lo trata de perseguir,DE_WR_40_39_39_14_SW
Y se encuentra con el coche grande de bebé de la señora,DE_WR_40_39_39_14_SW
Y pone el bebé allí,DE_WR_40_39_39_14_SW
Y se va,DE_WR_40_39_39_14_SW
La señora vuelve,DE_WR_40_39_39_14_SW
Y ve al bebé ajeno en el coche,DE_WR_40_39_39_14_SW
En ese momento pasa Charlie caminando,DE_WR_40_39_39_14_SW
La señora lo persigue,DE_WR_40_39_39_14_SW
Y le pega,DE_WR_40_39_39_14_SW
Y quiere que tome al bebé,DE_WR_40_39_39_14_SW
En ese momento pasa de nuevo el policía,DE_WR_40_39_39_14_SW
Así que Charlie toma al bebé,DE_WR_40_39_39_14_SW
Y se va,DE_WR_40_39_39_14_SW
RAUS!! De siguiente se ve,DE_WR_40_39_39_14_SW
que Charlie está sentado en el suelo,DE_WR_40_39_39_14_SW
Pensando que hace con el bebé,DE_WR_40_39_39_14_SW
Cuando encuentra un papel en la ropa del bebé,DE_WR_40_39_39_14_SW
Diciendo que es huérfano,DE_WR_40_39_39_14_SW
Y que piden que cuiden y que quieran al bebé,DE_WR_40_39_39_14_SW
Así que parece que Charlie se enamora del bebé,DE_WR_40_39_39_14_SW
Y se lo lleva muy cuidadosamente,DE_WR_40_39_39_14_SW
El video es un cortometraje mudo en blanco y negro,DE_WR_41_25_10_14_CP
cuyo personaje principal es Charlie Chaplin,DE_WR_41_25_10_14_CP
Un hombre adulto,DE_WR_41_25_10_14_CP
Que va caminando por un callejón encendiéndose un cigarillo,DE_WR_41_25_10_14_CP
Cuando de repente encuentra a un bebé tumbado en el suelo,DE_WR_41_25_10_14_CP
O para ser más precisa,DE_WR_41_25_10_14_CP
Escondido detrás de unos basureros,DE_WR_41_25_10_14_CP
El protagonista se queda mirando al recién nacido,DE_WR_41_25_10_14_CP
Y se gira por todos lados en búsqueda de los padres,DE_WR_41_25_10_14_CP
Es entonces cuando empieza la parte principal de la escena,DE_WR_41_25_10_14_CP
Chaplin intenta deshacerse del niño varias veces,DE_WR_41_25_10_14_CP
Pero siempre termina teniendo que recoger el niño,DE_WR_41_25_10_14_CP
Al final se siente en la acera,DE_WR_41_25_10_14_CP
El bebé entre sus brazos,DE_WR_41_25_10_14_CP
Pensando en qué hacer con este ser tan pequenito,DE_WR_41_25_10_14_CP
De repente encuentra un papelito,DE_WR_41_25_10_14_CP
que había sido escondido en la mantita del niño,DE_WR_41_25_10_14_CP
De esta manera Chaplin se entera de,DE_WR_41_25_10_14_CP
que es un huérfano,DE_WR_41_25_10_14_CP
El protagonista mira al bebé,DE_WR_41_25_10_14_CP
Le sonríe,DE_WR_41_25_10_14_CP
Y se aleja con él,DE_WR_41_25_10_14_CP
Charlie Chaplin está en un barro,DE_WR_41_25_3_14_LW
en que la gente tira basura de sus ventanas,DE_WR_41_25_3_14_LW
Dentro de la basura,DE_WR_41_25_3_14_LW
Encuentra a un bebé,DE_WR_41_25_3_14_LW
Al primer,DE_WR_41_25_3_14_LW
Charlie trata de revolver el bebé a una mujer,DE_WR_41_25_3_14_LW
que ya tiene otro un su cochecito,DE_WR_41_25_3_14_LW
Pero la mujer se enfada mucho,DE_WR_41_25_3_14_LW
porque el bebé no es suyo,DE_WR_41_25_3_14_LW
Despúes Charlie quiere dejar el bebé con la basura,DE_WR_41_25_3_14_LW
Pero llega un hombre de la policia,DE_WR_41_25_3_14_LW
y Charlie no se atrve dejar el bebé en el suelo,DE_WR_41_25_3_14_LW
mientras él esta mirando,DE_WR_41_25_3_14_LW
Por eso da el bebé a un hombre,DE_WR_41_25_3_14_LW
que parece incapaz de correr,DE_WR_41_25_3_14_LW
y huye,DE_WR_41_25_3_14_LW
Pero ese hombre pone el bebé en el cochcito de la mujer,DE_WR_41_25_3_14_LW
que ya tiene bebé,DE_WR_41_25_3_14_LW
Ella se enfada otra vez,DE_WR_41_25_3_14_LW
y da golpes a Charlie con su paraguas,DE_WR_41_25_3_14_LW
Tambíen llega el hombre de la policia otra vez,DE_WR_41_25_3_14_LW
y por eso Charlie toma el bebé otra vez,DE_WR_41_25_3_14_LW
No sabe,DE_WR_41_25_3_14_LW
que debería hacer,DE_WR_41_25_3_14_LW
y se siente a la calle,DE_WR_41_25_3_14_LW
Ya está pensando en tirar el bebé en un agujero de la calle,DE_WR_41_25_3_14_LW
Cuando encuentra a una carta en lo ropa del bebé,DE_WR_41_25_3_14_LW
Charlie lee la carta,DE_WR_41_25_3_14_LW
y dice,DE_WR_41_25_3_14_LW
que el bebé no tiene padres,DE_WR_41_25_3_14_LW
 y que alguién debería cuidarlo,DE_WR_41_25_3_14_LW
Ahora Charlie sabe,DE_WR_41_25_3_14_LW
que no tiene a nadie,DE_WR_41_25_3_14_LW
y decide cuidar del bebé.,DE_WR_41_25_3_14_LW
Charlie da un paseo por un barrio de una ciudad,DE_WR_41_37_18_14_MK
Hay basura en la calle,DE_WR_41_37_18_14_MK
y gente está tirando cosas desde los pisos de arriba,DE_WR_41_37_18_14_MK
En un momento algo le cae encima al protagonista,DE_WR_41_37_18_14_MK
Se enfada,DE_WR_41_37_18_14_MK
y saca su caja de tabaco,DE_WR_41_37_18_14_MK
Después de encenderse un cigarrillo,DE_WR_41_37_18_14_MK
encuentra un bebé en una esquina,DE_WR_41_37_18_14_MK
Mira alrededor e incluso hacia arriba,DE_WR_41_37_18_14_MK
para ver si encuentra a los responsables,DE_WR_41_37_18_14_MK
Como no ve a nadie,DE_WR_41_37_18_14_MK
Coge al bebé,DE_WR_41_37_18_14_MK
y camino un poco,DE_WR_41_37_18_14_MK
De pronto ve a una señóra con un carrito con un bebé,DE_WR_41_37_18_14_MK
y decide ponerle también el bebé encontrado,DE_WR_41_37_18_14_MK
Sin embargo,DE_WR_41_37_18_14_MK
La señora se enfada,DE_WR_41_37_18_14_MK
y se lo devuelve,DE_WR_41_37_18_14_MK
Luego Charlie intenta dejarle el bebé a otro caminante,DE_WR_41_37_18_14_MK
En un primer momento,DE_WR_41_37_18_14_MK
Parece que funciona su táctica,DE_WR_41_37_18_14_MK
Pero al final tiene que quedarse otra vez con el pequeño,DE_WR_41_37_18_14_MK
Tampoco es una opción dejar el bebé en el mismo rincón,DE_WR_41_37_18_14_MK
donde lo había encontrado,DE_WR_41_37_18_14_MK
porque ha aparecido un policía,DE_WR_41_37_18_14_MK
que está vigilando la zona,DE_WR_41_37_18_14_MK
Al final Charlie se resigna,DE_WR_41_37_18_14_MK
Se siente en el bordillo,DE_WR_41_37_18_14_MK
Y mira el bebé con más atención,DE_WR_41_37_18_14_MK
Así se da cuenta,DE_WR_41_37_18_14_MK
de que lleva una nota,DE_WR_41_37_18_14_MK
Que dice que el pequeño es huérfano,DE_WR_41_37_18_14_MK
y que por favor cuiden de él,DE_WR_41_37_18_14_MK
La película termina con el protagonista cogiendo al bebé y llevándoselo,DE_WR_41_37_18_14_MK
La película muda se desarrolla en las calles de una ciudad,DE_WR_41_44_30_14_AD
El protagonista interpretado por el actor Charlie Chaplin,DE_WR_41_44_30_14_AD
Anda por la calle con su bastón fumando,DE_WR_41_44_30_14_AD
Cuando de repente le tiran basura desde una casa,DE_WR_41_44_30_14_AD
Se le cae el cigarrillo,DE_WR_41_44_30_14_AD
Mientras saca un cigarrillo nuevo de su estuche,DE_WR_41_44_30_14_AD
Y lo enciende,DE_WR_41_44_30_14_AD
Se da cuenta,DE_WR_41_44_30_14_AD
De que al lado de un contenedor se encuentra un bebé envuelto en unos paños,DE_WR_41_44_30_14_AD
El protagonista le llama la atención a una mujer,DE_WR_41_44_30_14_AD
que está pasando con su bebé en un carrito,DE_WR_41_44_30_14_AD
Le dice,DE_WR_41_44_30_14_AD
En seguida que ella ha perdido algo,DE_WR_41_44_30_14_AD
y sienta al bebé en el carrito,DE_WR_41_44_30_14_AD
La mujer se enfada,DE_WR_41_44_30_14_AD
Con lo cual el protagonista se lleva al bebé en brazos,DE_WR_41_44_30_14_AD
Se dirige de nuevo al contenedor,DE_WR_41_44_30_14_AD
Justo en ese momento pasa un policía,DE_WR_41_44_30_14_AD
que está mirando la situación con curiosidad,DE_WR_41_44_30_14_AD
y deja al bebé donde lo encontró,DE_WR_41_44_30_14_AD
Para no levantar sospechas,DE_WR_41_44_30_14_AD
El protagonista coge al bebé en brazos,DE_WR_41_44_30_14_AD
y se aleja de allí,DE_WR_41_44_30_14_AD
Al volver la esquina el protagonista alcanza a un hombre con un bastón,DE_WR_41_44_30_14_AD
Sin avisar el protagonista da el bebé al hombre,DE_WR_41_44_30_14_AD
Aprovechando su reflejo de cogerlo en brazos sin querer,DE_WR_41_44_30_14_AD
Y se esconde.,DE_WR_41_44_30_14_AD
El hombre del bastón le sigue al protagonista con la intención de devolverle el bebé,DE_WR_41_44_30_14_AD
Pero lo pierde de vista,DE_WR_41_44_30_14_AD
De pronto el hombre del bastón ve el carrito de la mujer,DE_WR_41_44_30_14_AD
donde el protagonista había dejado el bebé antes,DE_WR_41_44_30_14_AD
Delante de una tienda de zapatos,DE_WR_41_44_30_14_AD
Deja el bebé en el carrito,DE_WR_41_44_30_14_AD
 y se va,DE_WR_41_44_30_14_AD
Cuando vuelve la mujer,DE_WR_41_44_30_14_AD
Se percata del bebé,DE_WR_41_44_30_14_AD
y justo en ese momento pasa el protagonista de prisa a su lado,DE_WR_41_44_30_14_AD
Saliento de su escondite,DE_WR_41_44_30_14_AD
La mujer le pega con su paraguas creyéndose,DE_WR_41_44_30_14_AD
que el protagonista haya metido al bebé en su carrito de nuevo,DE_WR_41_44_30_14_AD
En ese momento,DE_WR_41_44_30_14_AD
Pasa el policía,DE_WR_41_44_30_14_AD
 y observa la situación,DE_WR_41_44_30_14_AD
Antes de que el policía pueda dirigirse a él,DE_WR_41_44_30_14_AD
El protagonista saca al bebé del carrito,DE_WR_41_44_30_14_AD
y se lo lleva en brazos,DE_WR_41_44_30_14_AD
Como aún tiene la intención de deshacerse del bebé,DE_WR_41_44_30_14_AD
Se dirige a una alcantarilla,DE_WR_41_44_30_14_AD
y hace el ademán de meter al bebé debajo de la rejilla,DE_WR_41_44_30_14_AD
Al parecer en ese momento se arrepienta ,DE_WR_41_44_30_14_AD
y mira más atentamente al bebé,DE_WR_41_44_30_14_AD
Se da cuenta de que el bebé lleva un papel debajo de los paños con el siguiente mensaje,DE_WR_41_44_30_14_AD
Por favor ama y cuida de este bebé huérfano,DE_WR_41_44_30_14_AD
Evidentemente el mensaje le llega al corazón,DE_WR_41_44_30_14_AD
y se hace cargo del bebé,DE_WR_41_44_30_14_AD
En el video se puede ver a Charlie Chapli,DE_WR_42_33_17_14_TK
"Icónico con su traje, sombrero y cana",DE_WR_42_33_17_14_TK
El camina por debajo de una ventana de una casa,DE_WR_42_33_17_14_TK
que parece estar de obra,DE_WR_42_33_17_14_TK
Un trabajador tira unos ladrillos de ventana,DE_WR_42_33_17_14_TK
A los cuales Charlie debe esquivar,DE_WR_42_33_17_14_TK
Fuma su cigarillo ,DE_WR_42_33_17_14_TK
y unos pasos despúes desde afuera de la pantalla visible otra persona tira basura hacia él,DE_WR_42_33_17_14_TK
Se le caye su cigarillo,DE_WR_42_33_17_14_TK
y abre su cajilla para sacar,DE_WR_42_33_17_14_TK
y encenderse otro,DE_WR_42_33_17_14_TK
se quita sus guantes,DE_WR_42_33_17_14_TK
y enciende su cigarillo con un mechero prendiéndolo en su zapato,DE_WR_42_33_17_14_TK
En la esquina de calle encuentra en bebé en el suelo,DE_WR_42_33_17_14_TK
Envuelto en una cobija,DE_WR_42_33_17_14_TK
Por el fonde se ve una mujer con su carrito de bebé,DE_WR_42_33_17_14_TK
Pensando que,DE_WR_42_33_17_14_TK
el bebé es suyo,DE_WR_42_33_17_14_TK
Meté al bebé al carrito de la mujer,DE_WR_42_33_17_14_TK
Ella se enoja pegandolo,DE_WR_42_33_17_14_TK
y Charlie quita el bebé de nuevo del carrito,DE_WR_42_33_17_14_TK
Cuando quiere devolver el bebé,DE_WR_42_33_17_14_TK
a la esquina un policia le está mirando,DE_WR_42_33_17_14_TK
así que otra vez recoje el bebé del suelo,DE_WR_42_33_17_14_TK
y pasa por la esquina a otra calle,DE_WR_42_33_17_14_TK
donde entrega el bebé a un hombre paseando,DE_WR_42_33_17_14_TK
Charlie se huye,DE_WR_42_33_17_14_TK
y el otro hombre pone el bebé de nuevo en un carrito de bebé,DE_WR_42_33_17_14_TK
que se encuentra afuera de una tienda,DE_WR_42_33_17_14_TK
Cuando sale la mujer del carrito de la tienda,DE_WR_42_33_17_14_TK
ve a Charlie pasando,DE_WR_42_33_17_14_TK
y el segundo bebé de nuevo en su carrito,DE_WR_42_33_17_14_TK
 y va pegando a Charlie con su paraguas,DE_WR_42_33_17_14_TK
Pasa el policia por esta escena y Charlie de nuevo saca el bebé del carrito de la mujer,DE_WR_42_33_17_14_TK
Se siente en la acera con el bebé,DE_WR_42_33_17_14_TK
Averiguando a tumbarlo en la canalisación,DE_WR_42_33_17_14_TK
Encuentra una nota escrita a mano dentro de la cobija del bebé,DE_WR_42_33_17_14_TK
que dice […],DE_WR_42_33_17_14_TK
"Por favor, cuiden",DE_WR_42_33_17_14_TK
y amen a este bebé huérfano ,DE_WR_42_33_17_14_TK
Charlie le sonrie al bebé,DE_WR_42_33_17_14_TK
Lo abraza,DE_WR_42_33_17_14_TK
y se lo lleva en sus brazos,DE_WR_42_33_17_14_TK
En primera escena del video el espectador ve,DE_WR_43_45_20_14_RAL
Como Chaplin anda por la calle de un barrio humilde,DE_WR_43_45_20_14_RAL
Cuando pasa por debajo de una ventana de una de las casas,DE_WR_43_45_20_14_RAL
una vecina se asoma a una ventana de la primera planta,DE_WR_43_45_20_14_RAL
y tira la basura a la calle,DE_WR_43_45_20_14_RAL
Chaplin apenas logra a ponerse a salvo de las cosas,DE_WR_43_45_20_14_RAL
que casi se le caen encima,DE_WR_43_45_20_14_RAL
y sigue en su camino fumando un puro,DE_WR_43_45_20_14_RAL
Unos pocos instantes después cuando pasa por debajo de otra ventana,DE_WR_43_45_20_14_RAL
alguien de nuevo tira la basura de la ventana,DE_WR_43_45_20_14_RAL
y esta vez se le caen los deshechos encima,DE_WR_43_45_20_14_RAL
Además esta vez la persona,DE_WR_43_45_20_14_RAL
que ha tirado la basura lo acompaña con un insulto,DE_WR_43_45_20_14_RAL
Chaplin saca una cajita que contiene diferentes colillas de su chaqueta,DE_WR_43_45_20_14_RAL
y de ahí escoge una,DE_WR_43_45_20_14_RAL
y se la enciende,DE_WR_43_45_20_14_RAL
A continuación se quita los guantes,DE_WR_43_45_20_14_RAL
que lleva,DE_WR_43_45_20_14_RAL
y se percata de un bebe envuelto en una manta en el suelo,DE_WR_43_45_20_14_RAL
El bebe está llorando,DE_WR_43_45_20_14_RAL
y Chaplin a agacha ,DE_WR_43_45_20_14_RAL
para recogerlo,DE_WR_43_45_20_14_RAL
y intentar calmarlo,DE_WR_43_45_20_14_RAL
En ese instante aparece una señora con carrito de dos plazas en el cual se encuentra otro bebe,DE_WR_43_45_20_14_RAL
Esto le hace suponer a Chaplin,DE_WR_43_45_20_14_RAL
que el bebe […] pertenece a esta señora,DE_WR_43_45_20_14_RAL
que acaba de encontrar ,DE_WR_43_45_20_14_RAL
Chaplin le llama a la señora avisándola,DE_WR_43_45_20_14_RAL
que ha perdido algo,DE_WR_43_45_20_14_RAL
Pero en cuanto se acerca al carrito,DE_WR_43_45_20_14_RAL
para depositar el bebe en él la señora se enfada,DE_WR_43_45_20_14_RAL
y le hace entender,DE_WR_43_45_20_14_RAL
que no es suyo,DE_WR_43_45_20_14_RAL
y le manda saca el bebe otra vez del carrito,DE_WR_43_45_20_14_RAL
Entonces Chaplin se dispone a devolver al bebe al sitio,DE_WR_43_45_20_14_RAL
donde lo había encontrado,DE_WR_43_45_20_14_RAL
No obstante al colocarlo en suelo,DE_WR_43_45_20_14_RAL
le observa un agente de policía con una mirada amenazante,DE_WR_43_45_20_14_RAL
y Chaplin vuelve a coger el bebe y se aleja,DE_WR_43_45_20_14_RAL
Al adelantar a un señor mayor Chaplin se para,DE_WR_43_45_20_14_RAL
y le da al señor el bebe,DE_WR_43_45_20_14_RAL
para que se lo aguante,DE_WR_43_45_20_14_RAL
mientras que se ata los cordones de los zapatos,DE_WR_43_45_20_14_RAL
Una vez que el señor ha cogido el bebe en sus brazos,DE_WR_43_45_20_14_RAL
Chaplin aprovecha el momento,DE_WR_43_45_20_14_RAL
y se escapa,DE_WR_43_45_20_14_RAL
y se esconde en un portal,DE_WR_43_45_20_14_RAL
Cuando señor se dispone a buscar a Chaplin para devolverle el bebe ,DE_WR_43_45_20_14_RAL
pasa por el mismo carrito de antes,DE_WR_43_45_20_14_RAL
que está aparcado delante de una tienda,DE_WR_43_45_20_14_RAL
El señor decide deshacerse del bebe colocándolo en el carrito,DE_WR_43_45_20_14_RAL
A continuación el señor se aleja,DE_WR_43_45_20_14_RAL
Después de un rato la señora sale de la tienda,DE_WR_43_45_20_14_RAL
y se enfada,DE_WR_43_45_20_14_RAL
al ver que le han metido otra vez el bebe en el carrito,DE_WR_43_45_20_14_RAL
En ese mismo instante Chaplin pasa por la calle,DE_WR_43_45_20_14_RAL
y la señora le reconoce,DE_WR_43_45_20_14_RAL
y pensando que fue él que le dejado el bebe en el carro de nuevo,DE_WR_43_45_20_14_RAL
Le persigue,DE_WR_43_45_20_14_RAL
y la da en la cabeza con el paraguas que lleva,DE_WR_43_45_20_14_RAL
Le obliga a Chaplin acercarse al carrito en un intento de que se lleva al bebe otra vez,DE_WR_43_45_20_14_RAL
Mientras Chaplin y la señora se ponen a discutir ,DE_WR_43_45_20_14_RAL
aparece el mismo agente de policía ,DE_WR_43_45_20_14_RAL
con él se había encontrado Chaplin antes,DE_WR_43_45_20_14_RAL
Para evitar un conflicto con el agente,DE_WR_43_45_20_14_RAL
Chaplin saca el bebe del carrito,DE_WR_43_45_20_14_RAL
y se marcha,DE_WR_43_45_20_14_RAL
Acaba de un rato Chaplin se sienta con el bebe en el bordillo de la acera,DE_WR_43_45_20_14_RAL
De repente encuentra una nota escondida en la manta del bebe,DE_WR_43_45_20_14_RAL
En la nota se lee la petition dirigida a la persona,DE_WR_43_45_20_14_RAL
que se encontrara con el bebe,DE_WR_43_45_20_14_RAL
que por favor cuide bien del bebe huérfano,DE_WR_43_45_20_14_RAL
