Filename,Year,Score,Proficiency,Sex,Age,Place,Languages.spoken.at.home,AgeExposureSpanish,YearsstudySpanish,AbroadSpanishCountry,ForeignLanguage,DurationTask,LocationTask,FullText,ProficiencyNr,NSLhome,NSLadditional
DE_WR_19_26_5_14_MRL,2021,44.2,Upper beginner,Female,26,Goethe University,"Spanish, English",1,5,Yes,English,4,Outside classroom,"Chaplin camino en la calle y busco un bebé cerca de una esquina. El no quiere el bebé y busco una otra persona para el bebé. Hay una mujer con un otro bebé, pero ella no quiere un otro. Un hombre que es viejo y no saludable, tampoco quiere el bebé. Chaplin vuelve a la esquina para dejar el bebé. Allí fue un hombre de la policía y Chaplin fue a la calle. Una otra vez lo mismo. Pero nadie quiere el bebé por eso el tiene problemas con una mujer y después con la policía. Cuando el lleva el bebé, Chaplin les una noticia en la ropa del niño, que estás bien para el bebé.",2,Yes,Yes
DE_WR_30_28_2_14_GV,2020,69.8,Upper intermediate,Female,28,Goethe University Frankfurt am Main,German,26,2,No,English,900,Outside classroom,"En el video se ve un hombre que pasea por las callejuelas. Después encendió un cigarrillo señala un bébé en una manta en tierra. Así busca de una persona que posiblemente ha perdido su niño. Encuentra una madre con un niño en un cochecito pero después ha acostado el bébé en este cochecito la madre es furiosa. Por eso el hombre tome el bébé y continua pasear por las callejuelas. Encuentra un otro hombre y le pone el bébé en su brazo. Por lo tanto se escapa y esconde de este hombre. Mientras el otro hombre encuentra el cochecito de la madre y acuesta el bébé. En el momento cuando la madre ve en su cochecito el bébé de nuevo el hombre pasea por la mismo calle. Así la madre cree que es el mismo hombre que ha acostado el bébé en su cochecito le golpea con su paraguas. El hombre tome el bébé y se sienta en la acera. En la manta del bébé encuentra una nota con un mensaje que dice ""Please love and care for this orphan child"".",4,No,No
DE_WR_34_23_15_14_BA,2020,79.1,Upper intermediate,Female,23,Goethe University,German,1,15,Yes,English,14,Outside classroom,"Cuando Chaplin está andando afuera él encuentra un bebé. No ve nadie cerca de ese bebé. Mientras el busca la mamá del bebé, una mujer anda cerca de él. Ella tiene un Buggy con su propia bebé. Chaplin decide sentar el bebé que encontró en ese Buggy, pero a la mujer no le gusta su decición y Chapline tiene que tomar el bebé con su mismo. Se decide a dejar ese bebé donde lo encontró pero no puede porque un hombre de la policía lo ve. Por eso Chaplin ya toma el bebé por otra vez y va detrás de la casa donde ve un viejo hombre. Chaplin le da el bebé para cerrar sus zapatos. En el momento en que el hombre viejo tiene el bebé en sus brazos, Chaplin se escapa. El hombre viejo que no sabe que hacer con el bebé, ve el Buggy con un bebé de la misma mujer como Chaplin y sienta el bebé de Chaplin en el Buggy y tambien escapa. Chaplin hace el error de estár pasando la tienda al mismo momento cuando la mujer sale. Al momento cuando ella ve a Chaplin y al bebé desconocido en su Buggy, ella toma su umbrella, corre detrás de Chaplin y lo golpea con su paragua. Ella grita por la policia. Chaplin está intentando explicar que ese bebé no es suyo, pero al final el tiene que tomarlo. Chaplin se sienta por la calle, ve un desagüe y piensa sobre hacer el bebé en eso, pero no lo hace. Encuentra un papel en la manta del bebé. Allí está escrito que la persona que encuntra el bebé tiene cuidado al bebé. Chaplin al final decide a mantener al bebé.",4,No,No
DE_WR_35_22_4_14_EB,2023,81.4,Upper intermediate,Female,22,Georg August University of Göttingen,German,18,4,Yes,English,17,Outside classroom,"La película empieza en una calle. Todo es en negro-blanco y es una película de silencio (Nadie dice algo, sólo hay música). Chaplin esta caminando en la calle, los edificios son viejos y algo caído a la cabeza de chaplin (durante su camino). El mira arriba pero no ve nadie. Entonces el busca en sus cosas si encuentra otro cigarrillo (porque la ultima caído). Encuentra uno y quiere seguir caminando. Pero en este momento el ve un bebé al suelo. El mira arriba y en todos lados pero no ve nadie más. Entonces e <br/> Chaplin toma el bebé y suite caminando y busca un lugar o una persona que puede dejar o dar el bebé. Encontraba una mujer que ya tiene un bebé entonces lo deja con el otro bebé cuando la mujer estaba en el edificio por un segundo. Pero la mujer vuelve en el momento cuando Chaplin quiere dejarlo y la mujer empieza a gritar. Entonces chaplin sigue. Encuentra otro hombre y la policía también pero cuando chaplin quiere dejar el bebé siempre algo pasa así que no puede dejar o - si ya lo dejó- el bebé vuelve. Al fin el piensa en dejar el bebé al suelo pero en este momento vi una carta en la ropa del bebé. “Tratar el bebé con amor” se dice. Chaplin mira el bebé en la cara y empieza a amarlo. Entonces se levanta con el bebé y se van juntos.",4,No,No
DE_WR_38_22_6_14_AG,2020,88.4,Lower advanced,Female,22,Goethe University Frankfurt am Main,"Turkish, Spanish",16,6,No,English,10,Outside classroom,"Chaplin encuentra un bebé en la calle que está solo. Le pone en un cochecito en el que sienta otro niño. Él piensa que es el bebé de la madre que está al lado y que le perdió. Como no es su niño, la mujer está enfadada. Después Chaplin pone el bebé en el suelo cuando un policía llega. Entonces Chaplin toma el bebé otra vez y desaparece para dar el niño a un viejo. Este viejo está confuso y le pone en el mismo cochecito. Cuando la madre del otro niño llega, ve a Chaplin que está pasando y le confronta con su enfado. Chaplin encuentra una carta que dice que el niño no tiene padres. Por eso, Chaplin se queda con el niño.",5,Yes,Yes
DE_WR_38_22_6_14_LE,2020,88.4,Lower advanced,Female,22,Goethe University Frankfurt,German,16,6,Yes,English,4,Outside classroom,"Un hombre encuentra un bebé en la calle y intenta enontrar a alguien que lo coja de sus manos porque no quiere la responsabilidad de buscar a los padres. Cuando nadie lo quiere, el hombre intenta secretamente ponerlo en un coche de niños de una mujer y también en la calle, donde lo había encontrado pero siempre és cogido y tiene que buscar otra solución. Al final encuentra un papél en la ropa del bebé que dice que por favor amar y cuidar al bebé que ya no tiene padres. Entonces, el hombre decide cuidar al bebé.",5,No,No
DE_WR_38_23_5_14_PB,2020,88.4,Lower advanced,Male,23,Goethe University Frankfurt am Main,German,16,5,Yes,English,30,Outside classroom,"Un hombre está caminando en la calle fumando mienstras la gente que vive en los edificios tiran su basura de la ventana a la calle. Una de las cargas le da un golpe al señor antes de que aparecen las palabras ""idiota patético"" en la pantalla. Despues el señor se enciende otro cigarro, se limpia, tira sus guantes que aparentemente volvieron sucios y y quiere seguir su camino.  <br/> De repente, él encuentra un bebé llorando en el suelo. Aparentemente, el señor está muy sorprendido y checa si alguíen ha tirado al bebé también. Mientras una mujer empujando un coche de niños pasa el señor recoge al niño.  <br/> Camina  hacía el cochecito mientras la señora no pone atención a su propio bebé y pone el bebé en el cochecito diciendo a la señora ""Disculpe, usted ha perdido algo"". La Señora reaciona enojadamente y el señor recoge al niño de nuevo.  <br/> Su plan siguiente es poner el bebé donde lo había encontrado. Mientras lo hace un policía lo mira sospechosamente. El señor se gira, choca con el policía, encuentra su mirada, reconoce su error y recoge al niño una vez más.  <br/> Alejándose de la situación el hombre se encuentra con otro señor en la calle. Le da un signo que él se quisiera anudar los cordones de zapato y que el otro señor agarre al niño por un momento. Haciéndolo el descubriador del niño intenta a correr y huirse sin el niño. El otro señor empieza a seguirle pero el fugitivo se esconde. <br/>  Buscándolo el otro señor pasa por el cochecito de la señora de antes, piensa muy cortamente y pone el bebé a dentro mientras la señora está dentro de una tienda. <br/>  <br/> El descubriador del niño sale de su escondite y intentando de no cruzar caminos con el policía pasa por el mismo camino como el otro señor también y se encuentra con la señora y el bebé en el cochecito. La señora le da golpazos con sus paraguas y lo obliga que recoja al niño. Al final, el policía se agriega a la situación también con consequencia que el señor agarre al niño en fin.  <br/> Aparentemente cansado y desesperado de todo lo que ha pasado el señor se sienta en el andén. Su última idea de deshacerse del niño es tirarlo en el sumidero pero no lo hace. Despues de que lo había itentado a acariciar y el niño lo había mordido el señor encuentra un papelito mezclado en la ropa del bebé que dice ""Por favor, que ame y cuide por este niño huérfano"". Entonces el señor lo mira muy agradecidamente y decide de quedarse con el niño.",5,No,No
DE_WR_38_24_6_14_NS,2020,88.4,Lower advanced,Male,24,Goethe University,German,18,6,Yes,English,24,Outside classroom,"Al principio del vídeo se puede ver a Charlie Chaplin en una calle y está andando en dirección de la camera, cuando de repente alguien tiró piedra de un edificio. Charlie prende un cigarro cuando se nota que a su lado está un bebé. El coge el bebé y le da cuenta que al fin de la calle está una mujer con un bebé. Charlie le da el bebé y ambos discuten sobre el bebé. Como la mujer no quiere el bebé el lo coge y lo pone en el suelo. Detrás de él aparece un policía y Charlie se va con el bebé. Cuando gira a otra calle nota un hombre mayor y le da el bebé. <br/> El señor no sabe qué hacer, entonces lo pone en el Kinderwagen, de la mujer que ya ha cruzado con Charlie. El señor se va y la mujer nota que tiene dos hijos en el Kinderwagen. Charlie, andando muy contento, entra en la escena y ella le sigue. Le da un golpe con un paraqua. Se discuten y otra vez aparece el policía. Charlie se va con el bebé en los brazos y se siente en la calle. Le da cuenta que el bebé tiene un papel en la chaquetita que lleva. Abre el papel y está escrito ""Por favor ama y cuida a este niño""",5,No,No
DE_WR_39_24_4_14_VIP,2020,90.7,Lower advanced,Female,24,Goethe University Frankfurt,"German, Italian",17,4,No,Italian,30,Outside classroom,"Un día Charles Chaplin pasea por la ciudad, donde se nota que la gente piensa que él sea tonto. Pero a Chaplin eso no le importa. En la ciudad encuentra a un niño muy pequeño puesto sobre el suelo, pero sin su madre. Por eso Chaplin lo toma en sus brazos y quiere buscarla. Muy presto Chaplin ve una mujer che tiene un hijo y por eso piensa que ella pueda ser la madre, pero eso no es verdad. Quando Chaplin le da el niño la mujer lo grita tan fuertemente que él corre otra vez al lugar donde ha encontrado el bebé. En el momento quando Chaplin lo quiere poner sobre el suelo, la policia lo ve y Chaplin prende el niño otra vez en sus brazos. Lo da a un hombre que encuentra por casualidad en la calle. Pero este hombre tampoco quiere tener el bebé y lo da otra vez a la mujer. Desgraciadamente ella piensa que Chaplin se lo ha dado y lo colpea brutalmente. Después de que ella se queja de Chaplin a la policia él toma otra vez el bebé y encuentra un correo donde una persona ha escrito que el niño no tiene ni madre ni padre - es un órfano. Por esta razón ahora Chaplin quiere ser su padre.",5,Yes,Yes
DE_WR_40_21_10_14_VL,2020,93,Lower advanced,Female,21,Goethe University Frankfurt,"German, Serbian",11,10,Yes,English,30,Outside classroom,"Para empezar, el vídeo comienza con una escena mostrando a Chaplin caminando por la calle. De repente, caen algunos trozos del cielo y Chaplin se pone a mirar para arriba. Entonces, ve a una persona en una ventana desechando algo, tirando cosas a la calle. Chaplin esquiva esta parte de la calle para que las cosas no le caigan por encima. Así que sigue caminando por la calle, cuando otra vez cae algo del cielo, esta vez por encima de él. Enfadado, se toma su tiempo para encender un cigarro con una cerilla, raspándola por un lado de su zapato. Es en esta escena cuando encuentra un bebé abandonado en una esquina de la calle. Lo recoge y ve a una mujer con un cochecito para niños entrando en un edificio. Por lo cual, piensa que este bebé abandonado es suyo, la persigue y lo pone en su cochecito. La mujer sale del edificio, viendo que ahora tiene un bebé ajeno en el cochecito. Entonces, se pone a gritar y le dice a Chaplin que este bebé no es suyo. Chaplin lo recoge e intenta dejarlo otra vez en la esquina dónde lo había encontrado. Desgraciadamente, en este momento aparece un Guardia Civil impidiendo que Chaplin lo abandonara allí. Lo recoge otra vez y a la vuelta de la esquina ve a un hombre caminando. Le pide a él que sujete al bebé mientras él finge atarse los cordones. Chaplin huye del señor y lo deja con el bebé en sus manos. Este hombre también intenta deshacerse del bebé, por lo cual, lo pone en el mismo cochecito de la mujer al principio del vídeo, la cual entró en un edificio y no podía ver lo que estaba pasando. Cuando Chaplin pasa por el dicho edificio, la mujer sale del mismo y ve a Chaplin. Lo persigue y empieza a golpearlo, pensando que él había dejado el bebé otra vez en su cochecito. El Guardia Civil los ve peleando también, pero no les presta demasiada atención porque Chaplin recoge otra vez al bebé y se lo lleva del escenario. Con el/la niñ@ en sus brazos, se sienta en un bordillo y empieza a mirarl@. Se da cuenta de que el bebé tiene una nota escondida debajo de la manta que lo está cubriendo. La nota dice: Le ruego que quiera y se preocupe por este huérfan@. El cortometraje termina con Chaplin riéndose y aceptando al bebé como suyo.",5,Yes,Yes
DE_WR_40_39_39_14_SW,2020,93,Lower advanced,Female,39,Goethe University Frankfurt,Spanish,0,39,Yes,English,4,Outside classroom,Charlie Chaplin va caminando por las calles de una ciudad mientras se caen piedras del cielo que casi le pegan. Cuando se queda parado ve a un bebé en el suelo y no ve a nadie adulto quien le podría pertenece así que recoge al bebé. En es momento pasa una señora con un coche grande de bebé. Charlie la persigue y le pone el bebé en el coche. Cuando la señora se da cuenta reta a Charlie y le trata de pegar con su paraguas así que el toma el bebé y se arranca. Quiere poner al bebé en el lugar donde lo encontró cuando ve a un policía. Así que vuelve recoger al bebé y corre a la siguiente calle. Ahí se encuentra con un hombre y le pone el bebé en sus brazos y se arranca nuevamente. El hombre lo trata de perseguir y se encuentra con el coche grande de bebé de la señora y pone el bebé allí y se va. La señora vuelve y ve al bebé ajeno en el coche. En ese momento pasa Charlie caminando. La señora lo persigue y le pega y quiere que tome al bebé. En ese momento pasa denuevo el policía así que Charlie toma al bebé y se va. De siguiente se ve que Charlie está sentado en el suelo pensando que hace con el bebé cuando encuentra un papel en la ropa del bebé diciéndo que es huérfano y que piden que cuiden y que quieran al bebé. Así que parece que Charlie se enamora del bebé y se lo lleva muy cuidadosamente.,5,Yes,Yes
DE_WR_41_25_10_14_CP,2022,95.3,Upper advanced,Female,25,University of Wuppertal,German,15,10,Yes,English,20,Outside classroom,"El video es un cortometraje mudo en blanco y negro cuyo personaje principal es Charlie Chaplin, un hombre adulto, que va caminando por un callejón encendiéndose un cigarillo, cuando de repente encuentra a un bebé tumbado en el suelo, o para ser más precisa, escondido detrás de unos basureros. El protagonista se queda mirando al recién nacido y se gira por todos lados en búsqueda de los padres. Es entoncés cuando empieza la parte principal de la escena: Chaplin intenta deshacerse del niño varias veces, pero siempre termina teniendo que recoger el niño. Al final se siente en la acera, el bebé entre sus brazos, pensando en qué hacer con este ser tan pequenito, de repente encuentra un papelito que había sido escondido en la mantita del niño. De esta manera Chaplin se entera de que es un huérfano. El protagonista mira al bebé, le sonríe y se aleja con él.",6,No,No
DE_WR_41_25_3_14_LW,2023,95.3,Upper advanced,Female,25,Goethe University Frankfurt,German,22,3,No,English,10,Outside classroom,"Charlie Chaplin está en un barro en que la gente tira basure de sus ventanas. Dentro de la basura, encuentra a un bebé. Al primer, Charlie trata de revolver el bebé a una mujer que ya tiene otro un su cochecito, pero la mujer se enfada mucho porque el bebé no es suyo. Despúes, Charlie quiere dejar el bebé con la basura, pero llega un hombre de la policia y Charlie no se atrve dejar el bebé en el suelo mientras él esta mirando. Por eso da el bebé a un hombre que parece incapaz de correr y huye. Pero ese hombre pone el bebé en el cochcito de la mujer que ya tiene bebé. Ella se enfada otra vez y da golpes a Charlie con su paraguas. Tambíen llega el hombre de la policia otra vez y por eso Charlie toma el bebé otra vez. No sabe que debería hacer y se siente a la calle. Ya está pensando en tirar el bebé en un agujero de la calle (no sé cómo se llama) cuando encuentra a una carta en lo ropa del bebé. Charlie lee la carta y dice que el bebé no tiene padres y que alguién debería cuidarlo. Ahora Charlie sabe que no tiene a nadie y decide cuidar del bebé.",6,No,No
DE_WR_41_37_18_14_MK,2022,95.3,Upper advanced,Female,37,University of Vienna,"Spanish, German",17,18,Yes,English,10,Outside classroom,"Charlie da un paseo por un barrio de una ciudad. Hay basura en la calle y gente está tirando cosas desde los pisos de arriba. En un momento algo le cae encima al protagonista. Se enfada y saca su caja de tabaco. Después de encenderse un cigarrillo encuentra un bebé en una esquina. Mira alrededor e incluso hacia arriba para ver si encuentra a los responsables. Como no ve a nadie, coge al bebé y camino un poco. De pronto ve a una señóra con un carrito con un bebé y decide ponerle también el bebé encontrado. Sin embargo, la señora se enfada y se lo devuelve. Luego, Charlie intenta dejarle el bebé a otro caminante. En un primer momento, parece que funciona su táctica, pero al final tiene que quedarse otra vez con el pequeño. Tampoco es una opción dejar el bebé en el mismo rincón donde lo había encontrado porque ha aparecido un policía que está vigilando la zona. Al final, Charlie se resigna, se siente en el bordillo y mira el bebé con más atención. Así, se da cuenta de que lleva una nota que dice que el pequeño es huérfano y que por favor cuiden de él. La película termina con el protagonista cogiendo al bebé y llevándoselo.",6,Yes,Yes
DE_WR_41_44_30_14_AD,2022,95.3,Upper advanced,Female,44,Pradoventura Academy,German,14,30,Yes,English,49,Outside classroom,"La película muda se desarrolla en las calles de una ciudad. El protagonista, interpretado por el actor Charlie Chaplin, anda por la calle con su bastón, fumando. Cuando de repente le tiran basura desde una casa se le cae el cigarrillo. Mientras saca un cigarrillo nuevo de su estuche y lo enciende, se da cuenta de que al lado de un contenedor se encuentra un bebé envuelto en unos paños.  El protagonista le llama la atención a una mujer que está pasando con su bebé en un carrito. Le dice que ella ha perdido algo y sienta al bebé en el carrito. En seguida, la mujer se enfada, con lo cual el protagonista se lleva al bebé en brazos. Se dirige de nuevo al contenedor y deja al bebé donde lo encontró. Justo en ese momento pasa un policía que está mirando la situación con curiosidad. Para no levantar sospechas, el protagonista coge al bebé en brazos y se aleja de allí. Al volver la esquina, el protagonista alcanza a un hombre con un bastón. Sin avisar, el protagonista da el bebé al hombre, aprovechando su reflejo de cogerlo en brazos sin querer, y se esconde. El hombre del bastón le sigue al protagonista con la intención de devolverle el bebé, pero lo pierde de vista. De pronto, el hombre del bastón ve el carrito de la mujer donde el protagonista había dejado el bebé antes, delante de una tienda de zapatos, deja el bebé en el carrito y se va. Cuando vuelve la mujer, se percata del bebé y justo en ese momento pasa el protagonista de prisa a su lado, saliendo de su escondite. La mujer le pega con su paraguas creyéndose que el protagonista haya metido al bebé en su carrito de nuevo.  <br/> En ese momento, pasa el policía y observa la situación. Antes de que el policía pueda dirigirse a él, el protagonista saca al bebé del carrito y se lo lleva en brazos. Como aún tiene la intención de deshacerse del bebé, se dirige a una alcantarilla y hace el ademán de meter al bebé debajo de la rejilla. Al parecer, en ese momento se arrepienta y mira más atentamente al bebé. Se da cuenta de que el bebé lleva un papel debajo de los paños con el siguiente mensaje: ""Por favor, ama y cuida de este bebé huérfano"". Evidentemente, el mensaje le llega al corazón y se hace cargo del bebé.",6,No,No
DE_WR_42_33_17_14_TK,2024,97.7,Upper advanced,Female,33,University of Leipzig,German,16,17,Yes,English,14,Outside classroom,"En el video se puede ver a Charlie Chapli, icónico con su traje, sombrero y cana. El camina por debajo de una ventana de una casa que parece estar de obra. Un trabajador tira unos ladrillos de ventana, a los cuales Charlie debe esquivar. Fuma su cigarillo y unos pasos despúes desde afuera de la pantalla visible otra persona tira basura hacia él. Se le caye su cigarillo y abre su cajilla para sacar y encenderse otro. Se quita sus guantes y enciende su cigarillo con un mechero prendiéndolo en su zapato. En la esquina de calle encuentra en bebé en el suelo, envuelto en una cobija. Por el fonde se ve una mujer con su carrito de bebé. Pensando que el bebé es suyo, mete al bebé al carrito de la mujer. Ella se enoja pegandolo y Charlie quita el bebé de nuevo del carrito. Cuando quiere devolver el bebé a la esquina un policia le está mirando así que otra vez recoje el bebé del suelo y pasa por la esquina a otra calle donde entrega el bebé a un hombre paseando. Charlie se huye y el otro hombre pone el bebé de nuevo en un carrito de bebé que se encuentra afuera de una tienda. Cuando sale la mujer del carrito de la tienda ve a Charlie pasando y el segundo bebé de nuevo en su carrito y va pegando a Charlie con su paraguas. Pasa el policia por esta escena y Charlie de nuevo saca el bebé del carrito de la mujer. Se siente en la acera con el bebé, averiguando a tumbarlo en la canalisación. Encuentra una nota escrita a mano dentro de la cobija del bebé que dice: Please love and care for this orphan child. (Por favor, cuideny amen a este bebé huérfano.) Charlie le sonrie al bebé, lo abraza y se lo lleva en sus brazos.",6,No,No
DE_WR_43_45_20_14_RAL,2021,100,Upper advanced,Male,45,University of Granada,"German, English",25,20,Yes,English,14,Outside classroom,"En primera escena del video el espectador ve, como Chaplin anda por la calle de un barrio humilde. Cuando pasa por debajo de una ventana de una de las casas una vecina se asoma a una ventana de la primera planta y tira la basura a la calle. Chaplin apenas logra a ponerse a salvo de las cosas que casi se le caen encima y sigue en su camino fumando un puro. Unos pocos instantes después cuando pasa por debajo de otra ventana alguien de nuevo tira la basura de la ventana y esta vez se le caen los deshechos encima. Además esta vez la persona que ha tirado la basura lo acompaña con un insulto. Chaplin saca una cajita que contiene diferentes colillas de su chaqueta y de ahí escoge una y se la enciende. A continuación se quita los guantes que lleva y se percata de un bebe envuelto en una manta en el suelo. El bebe está llorando y Chaplin a agacha para recogerlo y intentar calmarlo. En ese instante aparece una señora con carrito de dos plazas en el cual se encuentra otro bebe. Esto le hace suponer a Chaplin que el bebe que acaba de encontrar pertenece a esta señora. Chaplin le llama a la señora avisándola que ha perdido algo. Pero en cuanto se acerca al carrito para depositar el bebe en él la señora se enfada y le hace entender que no es suyo y le manda saca el bebe otra vez del carrito. Entonces Chaplin se dispone a devolver al bebe al sitio donde lo había encontrado. No obstante al colocarlo en suelo le observa un agente de policía con una mirada amenazante y Chaplin vuelve a coger el bebe y se aleja. Al adelantar a un señor mayor Chaplin se para y le da al señor el bebe para que se lo aguante mientras que se ata los cordones de los zapatos. Una vez que el señor ha cogido el bebe en sus brazos Chaplin aprovecha el momento y se escapa y se esconde en un portal. Cuando señor se dispone a buscar a Chaplin para devolverle el bebe pasa por el mismo carrito de antes que está aparcado delante de una tienda. El señor decide deshacerse del bebe colocándolo en el carrito. A continuación el señor se aleja. Después de un rato la señora sale de la tienda y se enfada al ver que le han metido otra vez el bebe en el carrito. En ese mismo instante Chaplin pasa por la calle y la señora le reconoce y pensando que fue él que le dejado el bebe en el carro de nuevo, le persigue y la da en la cabeza con el paraguas que lleva. Le obliga a Chaplin acercarse al carrito en un intento de que se lleva al bebe otra vez. Mientras Chaplin y la señora se ponen a discutir aparece el mismo agente de policía con él se había encontrado Chaplin antes. Para evitar un conflicto con el agente Chaplin saca el bebe del carrito y se marcha. Acaba de un rato Chaplin se sienta con el bebe en el bordillo de la acera. De repente encuentra una nota escondida en la manta del bebe. En la nota se lee la petition dirigida a la persona que se encontrara con el bebe que por favor cuide bien del bebe huérfano.",6,No,No
